-- phpMyAdmin SQL Dump
-- version 4.7.9
-- https://www.phpmyadmin.net/
--
-- Host: 127.0.0.1
-- Generation Time: Sep 12, 2018 at 09:00 AM
-- Server version: 10.1.31-MariaDB
-- PHP Version: 7.2.3

SET SQL_MODE = "NO_AUTO_VALUE_ON_ZERO";
SET AUTOCOMMIT = 0;
START TRANSACTION;
SET time_zone = "+00:00";


/*!40101 SET @OLD_CHARACTER_SET_CLIENT=@@CHARACTER_SET_CLIENT */;
/*!40101 SET @OLD_CHARACTER_SET_RESULTS=@@CHARACTER_SET_RESULTS */;
/*!40101 SET @OLD_COLLATION_CONNECTION=@@COLLATION_CONNECTION */;
/*!40101 SET NAMES utf8mb4 */;

--
-- Database: `ft_data`
--

-- --------------------------------------------------------

--
-- Table structure for table `ft_dokumen`
--

CREATE TABLE `ft_dokumen` (
  `dokumenId` int(11) NOT NULL,
  `dokumenDocgroupId` int(4) DEFAULT NULL,
  `dokumenNama` varchar(255) NOT NULL,
  `dokumenNomor` varchar(100) NOT NULL,
  `dokumenDeskripsi` text NOT NULL,
  `dokumenTahun` year(4) DEFAULT NULL,
  `dokumenFile` varchar(100) NOT NULL,
  `dokumenIsPersonalDoc` tinyint(4) NOT NULL,
  `tglUpdate` timestamp NULL DEFAULT NULL ON UPDATE CURRENT_TIMESTAMP,
  `userUpdate` varchar(50) NOT NULL
) ENGINE=InnoDB DEFAULT CHARSET=latin1;

--
-- Dumping data for table `ft_dokumen`
--

INSERT INTO `ft_dokumen` (`dokumenId`, `dokumenDocgroupId`, `dokumenNama`, `dokumenNomor`, `dokumenDeskripsi`, `dokumenTahun`, `dokumenFile`, `dokumenIsPersonalDoc`, `tglUpdate`, `userUpdate`) VALUES
(98, 1, 'ijasah_s2_a', '', '', 2005, '51630b2606891b0d3913c42b1d438af4.jpg', 1, '2018-08-19 11:22:31', ''),
(99, 1, 'ijasah_s2_b', '', '', 2005, '5ea96342d3b5573586a34e911660c57b.jpg', 1, '2018-08-19 11:22:31', ''),
(100, 1, 'sertifikat_pendidik', '', '', NULL, '72f2fbb4385e2dc8e881765549fe89d0.jpg', 1, '2018-08-19 11:22:31', ''),
(101, 1, 'sertifikat_serdos', '', '', NULL, '8e23e6c20e86c571cd020af66515ca1b.pdf', 1, '2018-08-19 11:22:31', ''),
(102, 1, 'SK__IIIb', '', '', NULL, 'a225d0fc9ef79f98fe41e82b3df40031.jpg', 1, '2018-08-19 11:22:31', ''),
(103, 1, 'SK_CPNS', '', '', NULL, '9087b7ac9cd2c985456559f024e8fd1b.jpg', 1, '2018-08-19 11:22:31', ''),
(104, 1, 'SK_IIIc', '', '', NULL, '0c459ec181482a0e5346eacc357ef221.jpg', 1, '2018-08-19 11:22:31', ''),
(105, 1, 'SK_Lektor', '', '', NULL, 'b9e557b0b0c18fa4aee0a222145c3ca4.jpg', 1, '2018-08-19 11:22:31', ''),
(106, 1, 'SK_NIP_baru', '', '', NULL, 'd207790a7aaa84e6144409e246027bd4.jpg', 1, '2018-08-19 11:22:31', ''),
(107, 1, 'SK_PNS', '', '', NULL, 'f8f38d7236314db20312d97997873f4f.jpg', 1, '2018-08-19 11:22:31', ''),
(108, 1, 'SK_PNS_100_persen_PAK', '', '', NULL, 'f5b5484432a76e070ed274b828288313.pdf', 1, '2018-08-19 11:22:31', ''),
(109, 1, 'SK_PNS_lampiran', '', '', NULL, '36da5bddb7c4e79cc5fd6f943b085b41.jpg', 1, '2018-08-19 11:22:31', ''),
(110, 1, 'SK Pembina IVa', '', '', NULL, '3a730cb4c3ac2a9410fb72803e437924.jpg', 1, '2018-08-19 11:22:31', ''),
(111, 1, 'SK Lektor Kepala', '', '', NULL, 'a846a6c5a8b0ac2d277dacd4157bb5a1.jpg', 1, '2018-08-19 11:22:31', ''),
(112, 1, 'SK Tugas Belajar 2014 RS', '', '', NULL, '415da70280597c9f74d23be0823e2437.pdf', 1, '2018-08-19 11:22:31', ''),
(113, 1, 'Transkrip ITB Terlegalisir', '', '', NULL, '04d6a21b515ec5cae9e51aba875859fb.pdf', 1, '2018-08-19 11:22:31', ''),
(114, 5, 'Ijazah S1', '', '', NULL, '9b722b333a1c16dd810a6777ce9cb4f4.pdf', 1, '2018-08-19 11:22:31', ''),
(115, 6, 'SK CPNS', '', '', NULL, 'dd559319f3cad7d5815fe20456b0a7a5.pdf', 1, '2018-08-19 11:22:31', ''),
(116, 6, 'SK IIIA', '', '', NULL, '76550ca56099245454fd20f9de49ac83.pdf', 1, '2018-08-19 11:22:31', ''),
(117, 6, 'SK Lektor', '', '', NULL, 'a16ce09b00c6018b596560d99da08f49.pdf', 1, '2018-08-19 11:22:31', ''),
(118, 6, 'SK PNS', '', '', NULL, '38368b41a51fbdb36af8999f91c984f9.pdf', 1, '2018-08-19 11:22:31', ''),
(120, 5, 'TRANSKRIP S1', '', '', NULL, '35957ae0924aade30ef1281e9ec87d3c.pdf', 1, '2018-08-19 11:22:31', ''),
(121, 5, 'Ijazah S1', '', '', 2016, 'caa7307cfc03f350e1c7bac9b77c1b69.pdf', 1, '2018-08-19 11:22:31', ''),
(122, 5, 'Ijazah S2', '', '', NULL, 'b97f902a6e5b5b2c3ff6a47736118ed6.pdf', 1, '2018-08-19 11:22:31', ''),
(123, 1, 'Sertifikat Dosen', '', '', NULL, 'c3c137293e7a58b256ef257ec01f9fb2.pdf', 1, '2018-08-19 11:22:31', ''),
(124, 6, 'SK Fungsional Asisten Ahli', '', '', NULL, 'b6dd4a09e987cecc55f9f688626d280d.pdf', 1, '2018-08-19 11:22:31', ''),
(125, 6, 'SK Fungsional Lektor', '', '', NULL, '76817cd5127c85291c5d89d32ef0a6e4.pdf', 1, '2018-08-19 11:22:31', ''),
(126, 6, 'SK NIP Baru', '', '', NULL, 'e5bb55fd9fcd0601b5686447eab8da79.pdf', 1, '2018-08-19 11:22:31', ''),
(127, 6, 'SK CPNS', '', '', NULL, '98fdd24da9dfbf3af0f02ca43b78dd39.jpg', 1, '2018-08-19 11:22:31', ''),
(128, 1, 'Ijazah S1', '', '', NULL, '4532774c8eef2aa787c460fc21b1a2af.jpg', 1, '2018-08-19 11:22:31', ''),
(129, 1, 'IJAZAH S2', '', '', NULL, '320a556e8751d969d7f421f83f61f472.jpg', 1, '2018-08-19 11:22:31', ''),
(130, 1, 'SK IIIA', '', '', NULL, 'f08e1c6467c5587c8a01927e437fd877.jpg', 1, '2018-08-19 11:22:31', ''),
(131, 1, 'SK IIIB', '', '', NULL, 'bead7c5b3287d1a02e0093a81dc3762a.jpg', 1, '2018-08-19 11:22:31', ''),
(132, 1, 'TRANSKRIP S1', '', '', NULL, 'fd4a1635bece679a1f36207d20f74ad1.jpg', 1, '2018-08-19 11:22:31', ''),
(133, 1, 'TRANSKRIP S2', '', '', NULL, '34c91cd203cf33af1d894b7345228385.jpg', 1, '2018-08-19 11:22:31', ''),
(134, 1, 'IJAZAH S1', '', '', NULL, 'ea05223c29f3855a81a65fa5d22bed24.jpg', 1, '2018-08-19 11:22:31', ''),
(135, 1, 'IJAZAH S2', '', '', NULL, '6b3fd231733f61872d1741e2f6e9e0ba.jpg', 1, '2018-08-19 11:22:31', ''),
(136, 1, 'PENETAPAN ANGKA KREDIT IIIB', '', '', NULL, 'a486d7f2c1476a4770e57990567f8f9f.jpg', 1, '2018-08-19 11:22:31', ''),
(137, 1, 'PERNYATAAN JABATAN ASISTEN AHLI', '', '', NULL, 'd7f7129046a89ad10e8afc83df3b20cb.jpg', 1, '2018-08-19 11:22:31', ''),
(138, 1, 'PERNYATAAN JABATAN LEKTOR', '', '', NULL, 'bdd2fd5ed0f5fd75bdf8cd051dba3165.jpg', 1, '2018-08-19 11:22:31', ''),
(139, 1, 'SK ASISTEN AHLI', '', '', NULL, '2e3ec0e973b49d145ab6dd567bdc6ba5.jpg', 1, '2018-08-19 11:22:31', ''),
(140, 1, 'SK LEKTOR', '', '', NULL, '11739e5f3e011e4479e8178a50db268c.jpg', 1, '2018-08-19 11:22:31', ''),
(141, 1, 'SK IIIC', '', '', NULL, '7c87ea5a09eda7fb84cdbf5873ded6fc.jpg', 1, '2018-08-19 11:22:31', ''),
(142, 1, 'PENETAPAN ANGKA KREDIT ASS. AHLI', '', '', NULL, '040a16a11149a90fd0b10ca3cbae2cdf.jpg', 1, '2018-08-19 11:22:31', ''),
(143, 1, 'SK IIID', '', '', NULL, '105b41823050595e219e429abc4cfbcb.jpg', 1, '2018-08-19 11:22:31', ''),
(144, 1, 'TRANSKRIP S1', '', '', NULL, '7a5516cf62d72bb242769e8327d34862.jpg', 1, '2018-08-19 11:22:31', ''),
(145, 1, 'TRANSKRIP S1 Part 2', '', '', NULL, '6ee90caa67471c57890b45b33abe2bc1.jpg', 1, '2018-08-19 11:22:31', ''),
(146, 1, 'TRANSKRIP S2', '', '', NULL, 'c7a9421a0e5dec48b8ef14283bc2b7bc.jpg', 1, '2018-08-19 11:22:31', ''),
(147, 1, 'SK PNS', '', '', 1997, '9a71f1c3d810782ecf6498ec2d3d08c4.jpg', 1, '2018-08-19 11:22:31', ''),
(148, 1, 'SK IIIA', '', '', 1997, '02dd2910e5de5f191e8ce248c96c0fd1.jpg', 1, '2018-08-19 11:22:31', ''),
(149, 1, 'SK IIIB', '', '', 2004, 'f4edeac73f7aa1061c562262bc63052d.jpg', 1, '2018-08-19 11:22:31', ''),
(151, 1, 'IJAZAH S1', '', '', 1993, 'cbfd56175c6f66ef43fbdde9cb844152.jpg', 1, '2018-08-19 11:22:31', ''),
(152, 1, 'SK CPNS', '', '', NULL, '33ae52f17b1fb08da511981e4faf1b35.jpg', 1, '2018-08-19 11:22:31', ''),
(153, 1, 'IJAZAH S1', '', '', NULL, '0cf340f156c62a1075de8ed667dd2212.jpg', 1, '2018-08-19 11:22:31', ''),
(154, 1, 'IJAZAH S2', '', '', NULL, '667e7736b4c67b32e9f51853263f3e72.jpg', 1, '2018-08-19 11:22:31', ''),
(155, 1, 'SK IIIA', '', '', NULL, '5bc52d53315abfced50b1fb1673583ae.jpg', 1, '2018-08-19 11:22:31', ''),
(156, 1, 'SK NIP Baru', '', '', NULL, '59d97d265a24cf11efec704d7977e47f.jpg', 1, '2018-08-19 11:22:31', ''),
(157, 1, 'pengaktifan kembali', '', '', NULL, '92504fa185a79c182f505eaf0c82607f.jpg', 1, '2018-08-19 11:22:31', ''),
(158, 1, 'SK IIIA', '', '', NULL, '46aa316519fbcc63f0e5bba0148ee086.jpg', 1, '2018-08-19 11:22:31', ''),
(159, 1, 'SK Sertifikasi Dosen1', '', '', NULL, '6d8b110fa9a342e21ae6367b3d542a05.pdf', 1, '2018-08-19 11:22:31', ''),
(160, 1, 'SK Sertifikasi Dosen 2', '', '', NULL, 'a302a7defcf9e088bc0fd2151e835565.pdf', 1, '2018-08-19 11:22:31', ''),
(161, 1, 'TRANSKRIP S1', '', '', NULL, 'f9269ef03226ba6bded03e757b3b152f.jpg', 1, '2018-08-19 11:22:31', ''),
(162, 1, 'TRANSKRIP S2', '', '', NULL, '6db4c8cd8d64f73beb038e2656caed72.jpg', 1, '2018-08-19 11:22:31', ''),
(163, 1, 'SK CPNS', '', '', NULL, '85219dee52c1241dae45e29f145be64b.pdf', 1, '2018-08-19 11:22:31', ''),
(164, 1, 'SK PNS', '', '', NULL, '30a563fda9199125f04f250078b84b85.pdf', 1, '2018-08-19 11:22:31', ''),
(165, 1, 'SK Pangkat', '', '', NULL, '7886327af54dff6e323cdf6cbd510424.pdf', 1, '2018-08-19 11:22:31', ''),
(166, 1, 'SK Jabatan Fungsional', '', '', NULL, 'a61d1d7312e29b55c1cbed082af3647f.pdf', 1, '2018-08-19 11:22:31', ''),
(167, 1, 'IJAZAH S1', '', '', NULL, '45269d8239c55592c008310333e5437c.pdf', 1, '2018-08-19 11:22:31', ''),
(168, 1, 'TRANSKRIP S1', '', '', NULL, '6fb7d5a86f4bb22ff8c5d153b327862f.pdf', 1, '2018-08-19 11:22:31', ''),
(169, 1, 'IJAZAH S2', '', '', NULL, '35e88dfe913fb5710153fd456ff65118.pdf', 1, '2018-08-19 11:22:31', ''),
(171, 1, 'SK NIP Baru', '', '', NULL, 'dc70329945cbee73f6b302017c27fd0e.pdf', 1, '2018-08-19 11:22:31', ''),
(172, 1, 'SK CPNS', '', '', NULL, '71e19077cb0bdf25da64851722831825.pdf', 1, '2018-08-19 11:22:31', ''),
(173, 1, 'IJAZAH S2 part 1', '', '', NULL, '38f306ea6fff7231da711528d84af2aa.pdf', 1, '2018-08-19 11:22:31', ''),
(174, 1, 'IJAZAH S2 part 2', '', '', NULL, '2aebb8ba380031510e202f16be80e2e7.pdf', 1, '2018-08-19 11:22:31', ''),
(175, 1, 'sertifikat_serdos', '', '', NULL, 'f6f5a1e6f3207900c33125b406959758.pdf', 1, '2018-08-19 11:22:31', ''),
(176, 1, 'SK IIID', '', '', NULL, '35492603fa63096f81a44afd30e0970b.pdf', 1, '2018-08-19 11:22:31', ''),
(177, 1, 'SKPT', '', '', NULL, '0098071d3402b2c1f49f0ad7efb05ed9.pdf', 1, '2018-08-19 11:22:31', ''),
(178, 1, 'IJAZAH S1', '', '', NULL, '7496687d2dc4d65d2f5daecff02ac67e.jpg', 1, '2018-08-19 11:22:31', ''),
(179, 1, 'IJAZAH S2', '', '', NULL, 'd680cd77634d15c46c87963008327f40.jpg', 1, '2018-08-19 11:22:31', ''),
(180, 1, 'sertifikat_serdos', '', '', NULL, 'f4eed85bce41f99d57cd1536df13bbae.jpg', 1, '2018-08-19 11:22:31', ''),
(181, 1, 'SK PNS', '', '', NULL, 'd0f25b20a02783cda1dccf8c4dd89065.jpg', 1, '2018-08-19 11:22:31', ''),
(182, 1, 'SK CPNS', '', '', NULL, '5cdaf9779e937dedf8e434b817155a92.jpg', 1, '2018-08-19 11:22:31', ''),
(183, 1, 'SK IIIA ke III-B', '', '', NULL, '57712d4328df77066960f6e3ae0b392f.jpg', 1, '2018-08-19 11:22:31', ''),
(184, 1, 'SK IIIB ke IIIc', '', '', NULL, '6c3752e0f7d5dd53517f382b88c3498f.jpg', 1, '2018-08-19 11:22:31', ''),
(185, 1, 'SK LEKTOR', '', '', NULL, 'f3b240343a5b4e8b893d9397bfec8fd6.jpg', 1, '2018-08-19 11:22:31', ''),
(186, 1, 'Surat Tanda tamat Diklat Prajab', '', '', NULL, 'b0da142381d18ceabb0e5ca4c9d26e2f.jpg', 1, '2018-08-19 11:22:31', ''),
(187, 1, 'TRANSKRIP S1', '', '', NULL, '7fa77d8c59449bbfb241bdaf494c3852.jpg', 1, '2018-08-19 11:22:31', ''),
(188, 1, 'TRANSKRIP S2', '', '', NULL, 'd6a6c31df43cc7375e3a364a8bb86014.jpg', 1, '2018-08-19 11:22:31', ''),
(191, 1, 'IJAZAH S1', '', '', 2006, '36c4fb91b20cc84e6d600ba068f81bda.jpg', 1, '2018-08-19 11:22:31', ''),
(192, 1, 'IJAZAH S2', '', '', 2013, '421730a085ca34ad3115b67d624b05b1.pdf', 1, '2018-08-19 11:22:31', ''),
(193, 1, 'SK CPNS', '', '', 2006, 'c17d9729e1addfdc1e7c80686dbf8700.jpg', 1, '2018-08-19 11:22:31', ''),
(194, 1, 'SK Jab Fungsional Asisten Ahli', '', '', 2017, 'f9d96af29a7178b127c88eb896ee8b26.jpg', 1, '2018-08-19 11:22:31', ''),
(195, 1, 'SK Pengaktifan Kembali dari S2', '', '', 2014, '42df9f2a755cf128850a4a532a8ef2b2.jpg', 1, '2018-08-19 11:22:31', ''),
(196, 1, 'SK PNS IIIa', '', '', 2007, '9bfc5157e25c96e0c4fb4f71eecc3954.jpg', 1, '2018-08-19 11:22:31', ''),
(197, 1, 'Transkrip S1 (English)', '', '', NULL, '7f4f91c0bd60ede693c4cfe700bfe5aa.jpg', 1, '2018-08-19 11:22:31', ''),
(198, 1, 'TRANSKRIP S2', '', '', 2013, '29cdc4ce574dda0e1f91322ed66fcc96.pdf', 1, '2018-08-19 11:22:31', ''),
(199, 1, 'Tugas Belajar S2', '', '', 2017, 'ae6dbabf853307d98153c9af878f1fcf.jpg', 1, '2018-08-19 11:22:31', ''),
(200, 1, 'IJAZAH S2', '', '28 AGUSTUS 2008', 2008, '329d79904529ae4dcd7f558eada7101b.pdf', 1, '2018-08-19 11:22:31', ''),
(201, 1, 'SERTIFIKAT DOSEN', '', '', 2011, '3fb27c211dcf51e13093b12282d4d87b.pdf', 1, '2018-08-19 11:22:31', ''),
(202, 1, 'SK CPNS', '', 'TMT 1 DESEMBER 2002', 2002, '93c30c9e48fb5ebf8085193f4adb4030.pdf', 1, '2018-08-19 11:22:31', ''),
(203, 1, 'SK Fungsional ASISTEN AHLI', '', 'AK 205.25', 2004, '76c7416f8106bc3e2ee2ba999f9bdd67.pdf', 1, '2018-08-19 11:22:31', ''),
(204, 1, 'SK PNS', '', 'NOVEMBER 2003', 2003, '9b29d80163ae865acde413e194005095.pdf', 1, '2018-08-19 11:22:31', ''),
(205, 1, 'SK IIIB', '', 'JULI 2008 AK 157.5', 2008, '58ab131e9c9e278bbcca283955c657d0.pdf', 1, '2018-08-19 11:22:31', ''),
(206, 1, 'Surat Pernyataan Melaksanakan Tugas 2004', '', '', NULL, 'cd26df79f589d2bdaba1d3ffedc26471.jpg', 1, '2018-08-19 11:22:31', ''),
(207, 1, 'Surat Pernyataan Menduduki Jabatan 2004', '', '', NULL, '8d1ce9e385453347a1e1bcdc976dd8e1.jpg', 1, '2018-08-19 11:22:31', ''),
(208, 1, 'IJAZAH S1', '', '', NULL, 'a4629c4b91d5407de84d9f0a19e773b5.jpg', 1, '2018-08-19 11:22:31', ''),
(209, 1, 'IJAZAH S2', '', '', NULL, 'a0520bbc1ac0a914a5d459476c6eb037.jpg', 1, '2018-08-19 11:22:31', ''),
(210, 1, 'SERTIFIKAT DOSEN', '', '', NULL, '13767722f112754c60c407f53e8027d1.jpg', 1, '2018-08-19 11:22:31', ''),
(211, 1, 'IJAZAH S1', '', '', NULL, '52a402c7f6d95d146688a291299b29ac.pdf', 1, '2018-08-19 11:22:31', ''),
(212, 1, 'IJAZAH S2', '', '', NULL, 'a167c73bb5b820a0d9f5cbe6622c3470.pdf', 1, '2018-08-19 11:22:31', ''),
(213, 1, 'SK NIP Baru', '', '', NULL, 'e886d1698f79fa0f4d420374ab506675.pdf', 1, '2018-08-19 11:22:31', ''),
(214, 1, 'SK ASISTEN AHLI', '', '', NULL, 'de8303090bc0b47ae5b00bccb488223b.pdf', 1, '2018-08-19 11:22:31', ''),
(215, 1, 'Asisten Ahli Penetapan Kredit', '', '', NULL, '7e5bfd4c60224e3051326ec9073d1b2d.pdf', 1, '2018-08-19 11:22:31', ''),
(216, 1, 'SK CPNS', '', '', NULL, '50f2885125ac3a45874e54f20ac23073.pdf', 1, '2018-08-19 11:22:31', ''),
(217, 1, 'SK IIIB', '', '', NULL, '2e26657110eabf8fe603c1fe38a72ed6.pdf', 1, '2018-08-19 11:22:31', ''),
(218, 1, 'SK Melaksanakan Tugas  Sesudah S2', '', '', NULL, '535242294ddb0f34b008f20311b05374.pdf', 1, '2018-08-19 11:22:31', ''),
(219, 1, 'SK Melaksanakan Tugas  Sesudah S2-2', '', '', NULL, 'db72abb3aa86bf143e83437438b9e17a.pdf', 1, '2018-08-19 11:22:31', ''),
(220, 1, 'SK PENGAKTIFAN', '', '', NULL, '4723f76e61d4639bae8602bec0a31733.pdf', 1, '2018-08-19 11:22:31', ''),
(221, 1, 'SK PNS', '', '', NULL, '5ac2055fd7f66d350f7fa63e16fc35e6.pdf', 1, '2018-08-19 11:22:31', ''),
(222, 1, 'TRANSKRIP S1', '', '', NULL, '01995cb0e4cd19ffdb1ab879dfe6163d.pdf', 1, '2018-08-19 11:22:31', ''),
(223, 1, 'TRANSKRIP S2', '', '', NULL, '972ebec4b73b3d5e5e075be981ff8423.pdf', 1, '2018-08-19 11:22:31', ''),
(224, 1, 'IJAZAH S1', '', '', NULL, 'f4418bdba05e76da50ef6871f9d6a11f.jpg', 1, '2018-08-19 11:22:31', ''),
(225, 1, 'IJAZAH S2', '', '', NULL, '8c8af77881115374931cc1525735fdc5.jpg', 1, '2018-08-19 11:22:31', ''),
(226, 1, 'Sertifikat Serdos', '', '', NULL, '0725aa81ea1c911f58b7215369da74eb.jpg', 1, '2018-08-19 11:22:31', ''),
(227, 1, 'SK CPNS', '', '', NULL, 'da9021ad73a59d0dc33d8de7047c05e1.jpg', 1, '2018-08-19 11:22:31', ''),
(228, 1, 'SK Fungsional ASISTEN AHLI', '', '', NULL, '0e576f869a26f62ba944c27aeda45fc2.jpg', 1, '2018-08-19 11:22:31', ''),
(229, 1, 'SK PNS', '', '', NULL, '2726ee31776c57253977d50a9d83f573.jpg', 1, '2018-08-19 11:22:31', ''),
(230, 1, 'TRANSKRIP S1', '', '', NULL, 'f9ed1ffe62d66f61d1b9d8ae31e9c5a9.jpg', 1, '2018-08-19 11:22:31', ''),
(231, 1, 'TRANSKRIP S2', '', '', NULL, 'e4578a3662aa1d20c10e9fa5e60f0b48.jpg', 1, '2018-08-19 11:22:31', ''),
(232, 1, 'IJAZAH S1', '', '', 1994, '95bf3beb22bd6b43164f37745212dbc0.PDF', 1, '2018-08-19 11:22:31', ''),
(233, 1, 'IJAZAH S2 Bahasa Indonesia', '', '', 2002, 'e24de18025bda9abb99ef26e9ab7a4bb.PDF', 1, '2018-08-19 11:22:31', ''),
(234, 1, 'IJAZAH S2 English', '', '', NULL, '48ca53497d1dbdc1fdb2b20eae0a2fac.PDF', 1, '2018-08-19 11:22:31', ''),
(235, 1, 'SK NIP Baru', '', '', NULL, '750f02e5949c20c4eb484ed869140616.pdf', 1, '2018-08-19 11:22:31', ''),
(236, 1, 'SK Penetapan Angka Kredit', '', '', NULL, 'bde126dd8df8b3435e665a303636e5d1.PDF', 1, '2018-08-19 11:22:31', ''),
(237, 1, 'SK CPNS', '', '', NULL, '3448ca49dc8405f7193671ccfb82980e.PDF', 1, '2018-08-19 11:22:31', ''),
(238, 1, 'SK IIIC', '', '', NULL, 'c8dd1d33f5bda1d1661f2dfad358ded1.PDF', 1, '2018-08-19 11:22:31', ''),
(239, 1, 'SK Jabatan Terakhir', '', '', NULL, '15840c9d7a61f2771e502f65be227a36.jpg', 1, '2018-08-19 11:22:31', ''),
(241, 1, 'IJAZAH S1', '', '', NULL, '228bcff60b13d88f7826c3e1d921f119.pdf', 1, '2018-08-19 11:22:31', ''),
(242, 1, 'IJAZAH S2', '', '', NULL, '21a7b40c38521e0b423af31747b6c239.pdf', 1, '2018-08-19 11:22:31', ''),
(243, 1, 'SERTIFIKAT DOSEN', '', '', NULL, 'eac4c6d6235419b4bf26c67708263814.pdf', 1, '2018-08-19 11:22:31', ''),
(244, 1, 'SK ASISTEN AHLI', '', '', NULL, 'a94d8922ed947e473a3ca3577e158140.pdf', 1, '2018-08-19 11:22:31', ''),
(245, 1, 'SK Terakhir', '', '', NULL, '0788e737f028c2d10cc4d3a3c3a8992f.pdf', 1, '2018-08-19 11:22:31', ''),
(246, 1, 'TRANSKRIP S1', '', '', NULL, 'db9600657195422baa85c1b2d48ffcf4.pdf', 1, '2018-08-19 11:22:31', ''),
(247, 1, 'TRANSKRIP S2', '', '', NULL, '2105d0713d8847ee8a16511874cbd475.pdf', 1, '2018-08-19 11:22:31', ''),
(248, 1, 'SK 80%', '', '', NULL, '3d2577922a1396254b3cdf8d4a6d2034.pdf', 1, '2018-08-19 11:22:31', ''),
(249, 1, 'SK 100%', '', '', NULL, 'd1d0ba5141880da8edeacea98178d849.pdf', 1, '2018-08-19 11:22:31', ''),
(250, 1, 'SK CPNS', '', '', NULL, 'f248f591f794908709f1096294d17e62.jpg', 1, '2018-08-19 11:22:31', ''),
(251, 1, 'IJAZAH S1', '', '', NULL, '9c66e8b52f1cada66626ae5d030312ed.jpg', 1, '2018-08-19 11:22:31', ''),
(252, 1, 'IJAZAH S2 part 1', '', '', NULL, 'c99d9e339b35e6eb872b04f4491a47f1.jpg', 1, '2018-08-19 11:22:31', ''),
(253, 1, 'IJAZAH S2 part 2', '', '', NULL, 'e61e570907c1c9a5fa910824bc37d478.jpg', 1, '2018-08-19 11:22:31', ''),
(254, 1, 'sertifikat_pendidik', '', '', NULL, '4c7eca93bf5b107c29d0821deadac37d.jpg', 1, '2018-08-19 11:22:31', ''),
(255, 1, 'SK JabFung_AsistenAhli - hal 1', '', '', NULL, '37d22c46cfb3129c2f6c25eeb0df14a6.jpg', 1, '2018-08-19 11:22:31', ''),
(256, 1, 'SK JabFung_AsistenAhli - hal 2', '', '', NULL, '21407248f8abf70c7216a0834e37b52b.jpg', 1, '2018-08-19 11:22:31', ''),
(257, 1, 'SK JabFung_AsistenAhli - hal 3', '', '', NULL, 'ed31adab7d0a0fb061cf59cdc624af17.jpg', 1, '2018-08-19 11:22:31', ''),
(258, 1, 'SK JabFung_AsistenAhli - hal 4', '', '', NULL, '136d93c4ca7be2e18d3e4df93275d214.jpg', 1, '2018-08-19 11:22:31', ''),
(259, 1, 'SK JabFung_Lektor - hal 1', '', '', NULL, '98c41ff68eb385cb2d845da932c5a5f5.jpg', 1, '2018-08-19 11:22:31', ''),
(260, 1, 'SK JabFung_Lektor - hal 2', '', '', NULL, 'd80a5db46335a7e50a5dbe774e69b168.jpg', 1, '2018-08-19 11:22:31', ''),
(261, 1, 'SK Lektor Kepala', '', '', NULL, 'fb14ec5879ecb906e34a38dbc128c2ac.jpg', 1, '2018-08-19 11:22:31', ''),
(262, 1, 'SK NIP Baru', '', '', NULL, '9d6bf18cbe04e4a7539c74bf207bf5b5.jpg', 1, '2018-08-19 11:22:31', ''),
(263, 1, 'SK Pangkat (Penata - III c)', '', '', NULL, '400d5beb9758ee98227dc5ae9b2e116c.jpg', 1, '2018-08-19 11:22:31', ''),
(264, 1, 'SK Pangkat (Penata Muda - III a) - hal 1', '', '', NULL, '1d4bd7f6c904578f03fa1a12150fdea0.jpg', 1, '2018-08-19 11:22:31', ''),
(265, 1, 'SK Pangkat (Penata Muda - III a) - hal 2', '', '', NULL, '28d2b8dca661091b4196e09cfb3a2b64.jpg', 1, '2018-08-19 11:22:31', ''),
(266, 1, 'SK Pangkat (Penata Muda Tkt I - III b) -hal 1', '', '', NULL, '3cc9ee5d2506c71d0663f9f176113102.jpg', 1, '2018-08-19 11:22:31', ''),
(267, 1, 'SK Pangkat (Penata Muda Tkt I - III b) -hal 2', '', '', NULL, 'fa037171d2c2c5894b782cfdd29e1554.jpg', 1, '2018-08-19 11:22:31', ''),
(268, 1, 'SK Pangkat (Penata Tkt 1 - III d)', '', '', NULL, '5a71e418fd2b197a0447ce261e47adbc.jpg', 1, '2018-08-19 11:22:31', ''),
(269, 1, 'Transkrip S1 (English)', '', '', NULL, 'a9ec8e3260386819d994ffd414367591.jpg', 1, '2018-08-19 11:22:31', ''),
(270, 1, 'TRANSKRIP S1', '', '', NULL, 'e7bd8524128545d1c3dc45a654c01b21.jpg', 1, '2018-08-19 11:22:31', ''),
(271, 1, 'TRANSKRIP S2', '', '', NULL, '79a7aa73a456c49f9b8ae7b9e1f5baad.jpg', 1, '2018-08-19 11:22:31', ''),
(272, 5, 'IJAZAH S1', '', '', 2004, '01750a34b5db8442dd903a6f6b673492.jpg', 1, '2018-08-19 11:22:31', ''),
(273, 5, 'IJAZAH S2', '', '', 2014, 'c277e564f153df6a16a14f7937e32a5e.jpg', 1, '2018-08-19 11:22:31', ''),
(274, 5, 'IPK S1 BELAKANG', '', '', 2004, '4425ac8ff6d1550883963d0e343b4cac.jpg', 1, '2018-08-19 11:22:31', ''),
(275, 5, 'IPK S1 DEPAN', '', '', 2004, '8bc5532ebeae37806645643eb3d16650.jpg', 1, '2018-08-19 11:22:31', ''),
(276, 5, 'IPK S2', '', '', 2014, '2005ed466fe10955a67e09951296a76a.jpg', 1, '2018-08-19 11:22:31', ''),
(277, 6, 'SK ANGKA KREDIT', '', '', 2016, 'bac79b1ce15d572498d7fac395fcc754.jpg', 1, '2018-08-19 11:22:31', ''),
(278, 6, 'SK ASISTEN AHLI', '', '', 2006, '6d28f4b70faa7a4f5c7cac4ffbedf23e.jpg', 1, '2018-08-19 11:22:31', ''),
(279, 6, 'SK CPNS', '', '', 2005, 'f3fa4bcb4d007df0b72f836a1cc69c49.jpg', 1, '2018-08-19 11:22:31', ''),
(280, 6, 'SK PEMBEBASAN', '', '', 2010, '79fba49ab7b8dd9e2fa16da7ccf97cfd.jpg', 1, '2018-08-19 11:22:31', ''),
(281, 6, 'SK PENGAKTIFAN KEMBALI', '', '', 2014, '5fb5941d01efe366379798a306093722.jpg', 1, '2018-08-19 11:22:31', ''),
(282, 6, 'SK PNS 3A', '', '', 2006, '16359941e9d15fb01703c25627161eac.jpg', 1, '2018-08-19 11:22:31', ''),
(283, 6, 'SK TUGAS BELAJAR', '', '', 2010, 'd148cd982f8b635f84aa3491200c5154.jpg', 1, '2018-08-19 11:22:31', ''),
(284, 6, 'SP MELAKSANAKAN TUGAS SETELAH TB', '', '', 2014, '89728ad0c6778f5e82aa420a51dd01ef.jpg', 1, '2018-08-19 11:22:31', ''),
(285, 6, 'SP MELAKSANAKAN TUGAS', '', '', 2014, '3bd58b32986c82f66b88ccf722016d53.jpg', 1, '2018-08-19 11:22:31', ''),
(286, 6, 'SP MENDUDUKI JABATAN PULANG TB', '', '', 2014, 'f269e6fd34b6fa4ee252482172a348f7.jpg', 1, '2018-08-19 11:22:31', ''),
(287, 6, 'USUL PENGAKTIFAN KEMBALI', '', '', 2014, 'b6d69f22141cbf0d3997a67f97a3860c.jpg', 1, '2018-08-19 11:22:31', ''),
(288, 1, 'IJAZAH S1', '', '', NULL, 'e3ff72fc907ebfc11d0853d882fc027f.jpg', 1, '2018-08-19 11:22:31', ''),
(289, 1, 'IJAZAH S2', '', '', NULL, '9fcdb6b49f5655e592e74d3e9a10caa4.jpg', 1, '2018-08-19 11:22:31', ''),
(290, 1, 'SK NIP Baru', '', '', NULL, 'ae5fbe3b6a276f5cc1df919b039fd86f.jpg', 1, '2018-08-19 11:22:31', ''),
(291, 1, 'sertifikat_serdos', '', '', NULL, '17448dcf391c080012ffff449a272dc8.jpg', 1, '2018-08-19 11:22:31', ''),
(292, 1, 'SK CPNS', '', '', NULL, '1b1883d6411310ca7874acac9165a3be.jpg', 1, '2018-08-19 11:22:31', ''),
(293, 1, 'SK IIIB', '', '', NULL, '85ca012c3867158308c5b56b0f358d11.jpg', 1, '2018-08-19 11:22:31', ''),
(294, 1, 'SK IIIC', '', '', NULL, '11e4d340d11d8a909400c440b0de695d.jpg', 1, '2018-08-19 11:22:31', ''),
(295, 1, 'SK PNS', '', '', NULL, 'bd6ca402c374b5c3f17a9a3680ddcd64.jpg', 1, '2018-08-19 11:22:31', ''),
(296, 1, 'SK IIID', '', '', NULL, '5231463d207fad575f570aaaa0733032.jpg', 1, '2018-08-19 11:22:31', ''),
(297, 1, 'TRANSKRIP S1', '', '', NULL, '8b92ebbf65fc0a8264712d6e37f568ac.jpg', 1, '2018-08-19 11:22:31', ''),
(298, 1, 'TRANSKRIP S2', '', '', NULL, '02cefc302488b42ecd49d6be461503f5.jpg', 1, '2018-08-19 11:22:31', ''),
(299, 1, 'IJAZAH D3', '', '', NULL, 'fd57bf0f5fbc72911c484b0d811cec60.jpg', 1, '2018-08-19 11:22:31', ''),
(300, 1, 'IJAZAH S1', '', '', NULL, 'a29e2e50f7a6e574a02da8b6ca4410bb.jpg', 1, '2018-08-19 11:22:31', ''),
(301, 1, 'IJAZAH S2', '', '', NULL, 'c3818d11abd82ae51d6d19d8135fbf71.jpg', 1, '2018-08-19 11:22:31', ''),
(302, 1, 'SK Alih Status Jadi Dosen', '', '', NULL, '8ba4827400c7e1faa70587f9764bbb25.jpg', 1, '2018-08-19 11:22:31', ''),
(303, 1, 'SK CPNS', '', '', NULL, 'bae5253fec6ba9f58da8bdd2d7d11fb1.jpg', 1, '2018-08-19 11:22:31', ''),
(304, 1, 'SK NIP Baru', '', '', NULL, '7188deadb5e77e9ac4c59a4d831da5d0.jpg', 1, '2018-08-19 11:22:31', ''),
(305, 1, 'SK PENGAKTIFAN KEMBALI', '', '', NULL, '1da3956cc2f8640e4599c002ad04b95d.jpg', 1, '2018-08-19 11:22:31', ''),
(306, 1, 'SK PNS 1', '', '', NULL, 'eefc38b8bf1332e0699cd9e758c6735d.jpg', 1, '2018-08-19 11:22:31', ''),
(307, 1, 'SK PNS 2', '', '', NULL, '7c32070ef2cd70535ac2b430028df716.jpg', 1, '2018-08-19 11:22:31', ''),
(308, 1, 'SK Fungsional LEKTOR', '', '', NULL, '8121713c00eaaa13fc51ee71af7f59ac.pdf', 1, '2018-08-19 11:22:31', ''),
(309, 1, 'Surat Menduduk Jabatan', '', '', NULL, 'c4dc359390e17db2ecab62b03bdaa66f.jpg', 1, '2018-08-19 11:22:31', ''),
(310, 1, 'Surat Pernyataan Melaksanakan Tugas', '', '', NULL, '0e913dd2ab334c77553467ee85867e49.jpg', 1, '2018-08-19 11:22:31', ''),
(311, 1, 'IJAZAH S1', '', '', NULL, '25c70e5aa8450b0c3505ec8111786556.jpg', 1, '2018-08-19 11:22:31', ''),
(312, 1, 'IJAZAH S2', '', '', NULL, '4191733a68fb22df0a769faeefa198fb.jpg', 1, '2018-08-19 11:22:31', ''),
(313, 1, 'sary penyetaraan ijazah', '', '', NULL, '704bf6bc479c21d3d1d68258a3b2e7e3.jpg', 1, '2018-08-19 11:22:31', ''),
(314, 1, 'TRANSKRIP S1', '', '', NULL, '88064951d8a692a78ae76cb93a839845.jpg', 1, '2018-08-19 11:22:31', ''),
(315, 1, 'TRANSKRIP S2', '', '', NULL, '1cdbd3b8288643f008c5b0264bb7e012.jpg', 1, '2018-08-19 11:22:31', ''),
(316, 1, 'SK IIIA', '', '', NULL, 'bdab504aa2e6a9a86ef6f7ff1b6b25bd.jpg', 1, '2018-08-19 11:22:31', ''),
(317, 1, 'SK ASISTEN AHLI', '', '', NULL, '4d057cc02fcf1c51d18dbc70bb95c0bd.jpg', 1, '2018-08-19 11:22:31', ''),
(318, 1, 'SK NIP Baru', '', '', NULL, 'fcec9d1b68089c802768c2f15b2b4332.jpg', 1, '2018-08-19 11:22:31', ''),
(319, 1, 'SK 100%', '', '', NULL, '2ab9ff58d2ceb7bcc557f4b850f6af13.jpg', 1, '2018-08-19 11:22:31', ''),
(320, 1, 'SK CPNS', '', '', NULL, 'a6d9c9594838fd3d2ff3a999f39897f9.jpg', 1, '2018-08-19 11:22:31', ''),
(321, 1, 'IJAZAH S1', '', '', NULL, 'f66e72cde11096a7e0218656460ab9b8.jpg', 1, '2018-08-19 11:22:31', ''),
(322, 1, 'SK NIP Baru', '', '', NULL, 'ff030ec287f5145d4164d9eb3b4b8975.jpg', 1, '2018-08-19 11:22:31', ''),
(323, 1, 'sertifikat_serdos', '', '', NULL, 'b5d0734434c618a48b5138a8f866cea2.jpg', 1, '2018-08-19 11:22:31', ''),
(324, 1, 'SK CPNS', '', '', NULL, 'cd1ba7e50fab3384454e6353a7fd514f.jpg', 1, '2018-08-19 11:22:31', ''),
(325, 1, 'SK IIIC', '', '', NULL, 'c2d8f98e4630ea61ae13911a9a93d268.jpg', 1, '2018-08-19 11:22:31', ''),
(326, 1, 'SK LEKTOR', '', '', NULL, '05bf01530cfabd19245843a3674dd60b.jpg', 1, '2018-08-19 11:22:31', ''),
(327, 1, 'SK PNS', '', '', NULL, '1ddcbacff04ba25a75fcab78911011e1.jpg', 1, '2018-08-19 11:22:31', ''),
(328, 1, 'IJAZAH S1', '', '', NULL, '0abd39b6f657083543a7aaf78025f930.pdf', 1, '2018-08-19 11:22:31', ''),
(329, 1, 'IJAZAH S2', '', '', NULL, '0ca7fd8abcc03d953366a4ec852966de.pdf', 1, '2018-08-19 11:22:31', ''),
(330, 1, 'SK CPNS', '', '', NULL, '9e7973d2a710b9cb9ec46bd6db748165.pdf', 1, '2018-08-19 11:22:31', ''),
(331, 1, 'SK Fungsional 1', '', '', NULL, '2cf4569d95eaf6da88e1ec024059fb1e.pdf', 1, '2018-08-19 11:22:31', ''),
(332, 1, 'SK Fungsional 2', '', '', NULL, '1fd0db2bd9a3f14995821b528d4b45ba.pdf', 1, '2018-08-19 11:22:31', ''),
(333, 1, 'SK PNS', '', '', NULL, 'cbd4a91b3169f16c519d9985ad9ea1c8.pdf', 1, '2018-08-19 11:22:31', ''),
(334, 1, 'IJAZAH S1', '', '', NULL, '044ad5f8116efdb6404b4f9703f21bdd.pdf', 1, '2018-08-19 11:22:31', ''),
(335, 1, 'IJAZAH S2', '', '', NULL, '710b8e2d1c3fc9e9113066790e7b62e7.pdf', 1, '2018-08-19 11:22:31', ''),
(336, 1, 'IJAZAH S3', '', '', NULL, '545dabf974092cd990128dff093f4ec4.pdf', 1, '2018-08-19 11:22:31', ''),
(337, 6, 'SK Pengaktifan Kembali', '', 'SK Pengaktifan Kembali dari Tugas Belajar', 2014, 'd5bb521eb5cb192f86c1fe8056043d92.pdf', 1, '2018-08-19 11:22:31', ''),
(338, 1, 'Penyetaraan Ijazah_Sentinuwo', '', '', NULL, '6670eaf9b708c166db1b183a7b22bd1a.pdf', 1, '2018-08-19 11:22:31', ''),
(339, 1, 'SK CPNS', '', '', NULL, 'e1101433772aedace6187a6803e7622a.pdf', 1, '2018-08-19 11:22:31', ''),
(340, 1, 'SK Fung Assisten ahli_Sentinuwo', '', '', NULL, '70788c3fba69c035340cdfc0ddc1d13f.pdf', 1, '2018-08-19 11:22:31', ''),
(341, 1, 'SK Fung Lektor_Sentinuwo', '', '', NULL, '5093a12a1fbdd2471f14db8f94c618e1.pdf', 1, '2018-08-19 11:22:31', ''),
(342, 6, 'SK IIIa', '', 'SK Penata Muda IIIa No. 365/J12.15/KP/2006', 2006, 'b08b51b8866a28c0b4017b3a54130c8b.pdf', 1, '2018-08-19 11:22:31', ''),
(343, 6, 'SK IIIb', '', 'SK Penata Muda Tingkat I / IIIb No. 198312/A4.3/KP/2013', 2013, '3b71d4dd8de37352e8c781866dfcbd15.pdf', 1, '2018-08-19 11:22:31', ''),
(344, 5, 'IJAZAH S1', '', '', NULL, 'ccd56b9d3c2084eecc6679cfc9d842b7.pdf', 1, '2018-08-19 11:22:31', ''),
(345, 5, 'Ijazah S2', '', '', NULL, 'b32ba96f35c020b11a3b688dc2f120b4.pdf', 1, '2018-08-19 11:22:31', ''),
(346, 1, 'SK Lektor', '', '', 2010, '6af04248da604c15815ce1e579e090aa.jpg', 1, '2018-08-19 11:22:31', ''),
(347, 5, 'Ijazah S2', '', '', NULL, '36bfb21307d033997229d631cd5f9798.pdf', 1, '2018-08-19 11:22:31', ''),
(348, 3, 'P2M DI DESA TONTALETE 2015', '', '', NULL, '3119072dedc6f7edbb17a18be4fb50e8.pdf', 1, '2018-08-19 11:22:31', ''),
(349, 4, 'SERTIFIKAT', '', '', NULL, '07605bc623ced994d02b11260b49488e.pdf', 1, '2018-08-19 11:22:31', ''),
(350, 4, 'SK PENETAPAN PENYUSUN BUKU PROFIL 2014', '', '', NULL, '9186a6dcff65f9e9a68273837aedd8a0.pdf', 1, '2018-08-19 11:22:31', ''),
(351, 6, 'PRAJABATAN GOLONGAN 3 2014', '', '', NULL, '3c0e78400195204e5008e72132d5d4c5.pdf', 1, '2018-08-19 11:22:31', ''),
(352, 4, 'TIM PRS DAN LAKIP 2014', '', '', NULL, '2fb090eba1a2bf294ed36ab251848696.pdf', 1, '2018-08-19 11:22:31', ''),
(353, 3, 'P2M DI DESA TONTALETE 2015', '', '', NULL, '884b070367bc5a2a2d768a412c0bcd53.pdf', 1, '2018-08-19 11:22:31', ''),
(354, 2, 'ARCHITECTURE DESIGN OF MANADO', '', '', NULL, 'ef0d50b4e28f0f4e4bc7cdd152f3741b.pdf', 1, '2018-08-19 11:22:31', ''),
(355, 4, 'SERTIFIKAT', '', '', NULL, '17ede3970dc3aaa4b18ec48789384848.pdf', 1, '2018-08-19 11:22:31', ''),
(356, 1, 'SK3 100216076 2014', '', '', NULL, '9794b39590b6bc3956d0ab6a03e83e17.pdf', 1, '2018-08-19 11:22:31', ''),
(357, 1, 'SK1 100216003 2013', '', '', NULL, '382582483c887afc7d1b5b25899d20c2.pdf', 1, '2018-08-19 11:22:31', ''),
(358, 1, 'SK2 0802135143 2014', '', '', NULL, 'dbc4bc014a5309c36433751016f091d0.pdf', 1, '2018-08-19 11:22:31', ''),
(359, 1, 'SK2 100216060 2014', '', '', NULL, '11b898361c30885f9388b8a76a518b41.pdf', 1, '2018-08-19 11:22:31', ''),
(360, 1, 'SK3 100216028 2014', '', '', NULL, '16e7f27f2f356f4b0daa9ea8e5600c9f.pdf', 1, '2018-08-19 11:22:31', ''),
(361, 4, 'SK KEANGGOTAAN SENAT FATEK', '', '', NULL, 'c98c1d6a65b765900b8c376e213b5e66.pdf', 1, '2018-08-19 11:22:31', ''),
(362, 2, 'TSSA 2014', '', '', NULL, '0d60a609e0b0181a699bde2091b31d5a.pdf', 1, '2018-08-19 11:22:31', ''),
(363, 1, 'SK3 070213068 2014', '', '', NULL, '493b6dfe11795121a051e234505c1ead.pdf', 1, '2018-08-19 11:22:31', ''),
(364, 3, 'P2M DI DESA TONTALETE 2015', '', '', NULL, 'a90be88cd45e2a2ade6ede7e82aa283e.pdf', 1, '2018-08-19 11:22:31', ''),
(365, 1, 'SK3 080213120 2014', '', '', NULL, 'c00d9e7007f6a522e3ca9b25c14ad9e0.pdf', 1, '2018-08-19 11:22:31', ''),
(366, 1, 'SK2 080213013 2014', '', '', NULL, '827f27e30180f21526cfa867ab53fcc5.pdf', 1, '2018-08-19 11:22:31', ''),
(367, 1, 'SK3 060213067 2014', '', '', NULL, 'f9e697aed6ab8ba7c14746dd5f07c72d.pdf', 1, '2018-08-19 11:22:31', ''),
(368, 1, 'SK2 060213081 2014', '', '', NULL, '636d3aa8bb0514a9ac50bd2040476413.pdf', 1, '2018-08-19 11:22:31', ''),
(369, 4, 'SK REKTOR PEMBERHENTIAN DAN PENGANGKATAN KEANGGOTAAN SENAT FATEK', '', '', NULL, 'ad1f45b66aaf4fc0f3ed2b709db49c3e.pdf', 1, '2018-08-19 11:22:31', ''),
(370, 3, 'P2M DI DESA TONTALETE 2015', '', '', NULL, 'fb1e8bd7e957fe7583bb3ea7ec404f32.pdf', 1, '2018-08-19 11:22:31', ''),
(371, 4, 'SERTIFIKAT', '', '', NULL, 'cacb310df997185a8ccca853838213ee.pdf', 1, '2018-08-19 11:22:31', ''),
(372, 3, 'SK TIM PENGABDIAN PADA GPSDI JEMAAT ALFA OMEGA WANEA', '', '', NULL, '7c067be572411b6cf22c52a17611546e.pdf', 1, '2018-08-19 11:22:31', ''),
(373, 3, 'P2M DI DESA TONTALETE 2015', '', '', NULL, '68e4a91e72aba1c3b82d8f7a66490308.pdf', 1, '2018-08-19 11:22:31', ''),
(374, 4, 'SERTIFIKAT', '', '', NULL, '9e4f725d6e9cedad0dc5bdcbc1e7ddde.pdf', 1, '2018-08-19 11:22:31', ''),
(375, 1, 'SK3 060213023 2014', '', '', NULL, '752951195229722b6f8d9279fef83a41.pdf', 1, '2018-08-19 11:22:31', ''),
(376, 4, 'SK KEPALA BADAN PERENCANAAN PEMBANGUNAN DAERAH KOTA TOMOHON', '', '', NULL, 'bf3b97162d21c44856f9760a5b52bafe.pdf', 1, '2018-08-19 11:22:31', ''),
(377, 4, 'SK MENDIKBUD PENGANGKATAN KAJUR DAN SEKJUR', '', '', NULL, '8832f9d78153f9e6f775bfb0884e1d10.pdf', 1, '2018-08-19 11:22:31', ''),
(378, 4, 'SK TIM PENYUSUN LAHENDONG GEOTHERMAL EDUCATION PARK', '', '', NULL, '4d32b0de38b3464750859aff6531aa25.pdf', 1, '2018-08-19 11:22:31', ''),
(379, 4, 'SK TIM PENYUSUN LAPORAN LOKAKARYA III', '', '', NULL, '7c4eaff9894283b365a50adb5b9d89c3.pdf', 1, '2018-08-19 11:22:31', ''),
(380, 4, 'SK PEMBERHENTIAN DAN PENGANGKATAN ANGGOTA SENAT FATEK 2014-2018', '', '', NULL, '1dc1eb2a036dbbef8f08e17da88b89d5.pdf', 1, '2018-08-19 11:22:31', ''),
(381, 1, 'SK3 090213092 2014', '', '', NULL, '8243e23cb376f9e66364c6a519e66ad3.pdf', 1, '2018-08-19 11:22:31', ''),
(382, 2, 'E-ASIA JOINT RESEARCH PROGRAM', '', '', NULL, '971bb4d6958165c50b262856e9a26dd0.pdf', 1, '2018-08-19 11:22:31', ''),
(383, 3, 'P2M DI DESA TONTALETE 2015', '', '', NULL, '12037753c2fadb8e447cfade247321e7.pdf', 1, '2018-08-19 11:22:31', ''),
(384, 4, 'SERTIFIKAT 2', '', '', NULL, '8902c68e0b591d9e03c36dce483df7d3.pdf', 1, '2018-08-19 11:22:31', ''),
(385, 4, 'SERTIFIKAT 1', '', '', NULL, '398c04c242655b6aacb1cab6a3882b93.pdf', 1, '2018-08-19 11:22:31', ''),
(386, 4, 'SERTIFIKAT', '', '', NULL, '36121b3453dacaaa0e64f2d302366974.pdf', 1, '2018-08-19 11:22:31', ''),
(387, 1, 'SK3 080213083 2014', '', '', NULL, '55c38a4d3584928545ddb0022b30b9e6.pdf', 1, '2018-08-19 11:22:31', ''),
(388, 1, 'SK3 070213050 2014', '', '', NULL, 'fedb2e0846deb390c00501943aa03954.pdf', 1, '2018-08-19 11:22:31', ''),
(389, 1, 'SK3 060213080 2014', '', '', NULL, '8921a6262c785cfe1c5e501012e75992.pdf', 1, '2018-08-19 11:22:31', ''),
(390, 1, 'SK PERPANJANG 080213028 2014', '', '', NULL, '94e785605597d5551bdbdf3382b64a4e.pdf', 1, '2018-08-19 11:22:31', ''),
(391, 1, 'SK3 090213092 2014', '', '', NULL, 'a43284094d3383b0d216a9158ccf1eb2.pdf', 1, '2018-08-19 11:22:31', ''),
(392, 2, 'KARYA ILMIAH PENENTUAN RUTE OPTIMAL...', '', '', NULL, '16bafc11f47065b292fe845856336983.pdf', 1, '2018-08-19 11:22:31', ''),
(393, 3, 'P2M DI DESA TONTALETE 2015', '', '', 2015, '8a59a3c24ca1c6cbb5e4af899450b394.pdf', 1, '2018-08-19 11:22:31', ''),
(394, 4, 'SERTIFIKAT', '', '', NULL, 'd7caf42aa89b1f98fafff960f2ee667e.pdf', 1, '2018-08-19 11:22:31', ''),
(395, 3, 'P2M DI DESA TONTALETE 2015', '', '', 2015, 'b241330ea8b7599d28b5380942bf66f4.pdf', 1, '2018-08-19 11:22:31', ''),
(396, 4, 'SERTIFIKAT', '', '', 2014, '455d8281d35407c8355d56a0aa787b6e.pdf', 1, '2018-08-19 11:22:31', ''),
(398, 1, 'SK3 070213079 2014', '', '', NULL, 'd4d5df991a81e65e95e862ac8cc347dd.pdf', 1, '2018-08-19 11:22:31', ''),
(399, 3, 'P2M DI DESA TONTALETE 2015', '', '', NULL, '4d42c9643cef878d87cf8885b0b13817.pdf', 1, '2018-08-19 11:22:31', ''),
(401, 4, 'SERTIFIKAT', '', '', NULL, '205dfd862d8c2577a59c3efa2942a29d.pdf', 1, '2018-08-19 11:22:31', ''),
(402, 1, 'SK3 060213023 2014', '', '', NULL, '480b92fa6fdec129d9b55c8fbcc75667.pdf', 1, '2018-08-19 11:22:31', ''),
(403, 3, 'SK TIM PENGABDIAN PADA MASYARAKAT MANADO TUA', '', '', NULL, '13baecc3743f0ee4a5512a2006da52c6.pdf', 1, '2018-08-19 11:22:31', ''),
(404, 3, 'P2M DI DESA TONTALETE 2015', '', '', NULL, '5f288e53938ca5c86709f74e6c0eb06c.pdf', 1, '2018-08-19 11:22:31', ''),
(405, 1, 'SK3 060213042 2014', '', '', NULL, '9cdeb1209843efebb6bda334cb5124d6.pdf', 1, '2018-08-19 11:22:31', ''),
(406, 3, 'P2M DI DESA TONTALETE 2015', '', '', NULL, 'c43a14f49cad03e39eca5600586928bc.pdf', 1, '2018-08-19 11:22:31', ''),
(407, 4, 'SERTIFIKAT', '', '', NULL, 'efccf2bb3b8eb0ae52f0ec89ccb676eb.pdf', 1, '2018-08-19 11:22:31', ''),
(408, 3, 'SK TIM PENGABDIAN GEREJA PANTEKOSTA TABERNAKEL', '', '', NULL, '381795b907119d89cd62723c72ad052e.pdf', 1, '2018-08-19 11:22:31', ''),
(409, 3, 'SK TIM PENGABDIAN PADA GPSDI JEMAAT ALFA OMEGA WANEA', '', '', NULL, '8654defafd347d4c82d36ed18832166c.pdf', 1, '2018-08-19 11:22:31', ''),
(410, 2, 'MICROCONTROLLER-BASED', '', '', NULL, '2cb6b5375e98291dc0ea40188f314023.pdf', 1, '2018-08-19 11:22:31', ''),
(411, 3, 'P2M DI DESA TONTALETE 2015', '', '', NULL, 'ed7199130dd9ceab1daad7fb603db20a.pdf', 1, '2018-08-19 11:22:31', ''),
(412, 4, 'SERTIFIKAT', '', '', NULL, 'cab2d4e9436fc0240abdd2c4bde6da9a.pdf', 1, '2018-08-19 11:22:31', ''),
(413, 4, 'SK KEANGGOTAAN SENAT FATEK', '', '', NULL, 'b30b568f7082c8a8bb11c2100cdd4be0.pdf', 1, '2018-08-19 11:22:31', ''),
(414, 1, 'SK PERPANJANG 060213044 2014', '', '', NULL, '3390e16e1db42e56d63487d44587155e.pdf', 1, '2018-08-19 11:22:31', ''),
(415, 4, 'SK TIM PENGELOLA BADAN KONSULTAN...', '', '', NULL, 'ac2b081d39a677682895c4fabf56ef73.pdf', 1, '2018-08-19 11:22:31', ''),
(416, 3, 'P2M DI DESA TONTALETE 2015', '', '', 2015, 'b7b3a4a211ffd184409fa966924da275.pdf', 1, '2018-08-19 11:22:31', ''),
(417, 4, 'SERTIFIKAT 2', '', '', NULL, '5e6f250c41b119fe28b502052ef0099b.pdf', 1, '2018-08-19 11:22:31', ''),
(418, 4, 'SERTIFIKAT 1', '', '', NULL, 'f1dd0674ca0876933862c566ac91c3c5.pdf', 1, '2018-08-19 11:22:31', ''),
(419, 1, 'SK3 080213083 2014', '', '', NULL, '3950831c4cd5c2dcc5394de70596278a.pdf', 1, '2018-08-19 11:22:31', ''),
(420, 1, 'SK1 070213077 2013', '', '', NULL, '9138d08149b28eecbdc6050141eab694.pdf', 1, '2018-08-19 11:22:31', ''),
(421, 1, 'SK3 070213050 2014', '', '', NULL, 'b2938143e4d94764418e16e1b32af4e9.pdf', 1, '2018-08-19 11:22:31', ''),
(422, 4, 'SK TIM PENERBIT JURNAL', '', '', NULL, '28792d2afc5e461e5e485a908eee44c5.pdf', 1, '2018-08-19 11:22:31', ''),
(423, 4, 'SK TIM PERSIAPAN AKREDITASI', '', '', NULL, 'edbcb4edac05e5e72c0c2965e911a613.pdf', 1, '2018-08-19 11:22:31', ''),
(424, 4, 'SK PENETAPAN TIM PROMOSI', '', '', NULL, 'c7be78e18b04057f1a8c677a6eff4a78.pdf', 1, '2018-08-19 11:22:31', ''),
(425, 4, 'SK PEMBERHENTIAN DAN PENGANGKATAN KEPALA LAB.', '', '', NULL, 'b359fefe6fe9dd3e47e7b61f584f097f.pdf', 1, '2018-08-19 11:22:31', ''),
(426, 1, 'SK3 070213079 2014', '', '', NULL, '30d19e59001065c5b75e3c334a37afb2.pdf', 1, '2018-08-19 11:22:31', ''),
(427, 1, 'SK PERPANJANG 060213044 2014', '', '', NULL, 'e48c2b2907437cf2ea10a09f1c68d8b8.pdf', 1, '2018-08-19 11:22:31', ''),
(428, 2, 'E-JOURNAL TEKNIK ELEKTRO DAN KOMPUTER', '', '', NULL, '236e322d2bc85d3e47485fcc63abb392.pdf', 1, '2018-08-19 11:22:31', ''),
(429, 3, 'P2M DI DESA TONTALETE 2015', '', '', NULL, '46e654142ddf5e9b45eff7f9e16d30fc.pdf', 1, '2018-08-19 11:22:31', ''),
(430, 3, 'TIM PENGABDIAN PERMOHONAN BANTUAN TEKNIS', '', '', NULL, '267a5d311b38e772bbdccdd894ff2a06.pdf', 1, '2018-08-19 11:22:31', ''),
(431, 2, 'SEMINAR SISTEM TELEKOMUNIKASI DAN INFORMASI', '', '', NULL, 'ef2641c24b229c04d02b0758a7418104.pdf', 1, '2018-08-19 11:22:31', ''),
(432, 4, 'SERTIFIKAT', '', '', NULL, '47db79e4ee4fb49421c6828ece7c2cc8.pdf', 1, '2018-08-19 11:22:31', ''),
(433, 4, 'SK PENGANGKATAN PANITIA PEMERIKSA HASIL PENGADAAN...', '', '', NULL, '1a883430f1e1c8195972e57e95bf2650.pdf', 1, '2018-08-19 11:22:31', ''),
(434, 4, 'SK PENGANGKATAN PANITIA PENERIMA HASIL BARANG-JASA', '', '', NULL, '871e0589ef8714b9fb3a5ef11fd5d447.pdf', 1, '2018-08-19 11:22:31', ''),
(435, 4, 'SK PEMBERHENTIAN DAN PENGANGKATAN KEPALA LAB.', '', '', NULL, '816fc46562c1ff7b948ae2c4ace750d7.pdf', 1, '2018-08-19 11:22:31', ''),
(436, 3, 'P2M DI DESA TONTALETE 2015', '', '', NULL, '473ea420cc17eb9da5c446cf4ce60398.pdf', 1, '2018-08-19 11:22:31', ''),
(437, 4, 'SERTIFIKAT', '', '', NULL, '4c5fe40cf9a2a3e3ff33e8dd10a2a8aa.pdf', 1, '2018-08-19 11:22:31', ''),
(438, 1, 'SK3 080213042 2014', '', '', NULL, '47f032f9190282540a5d3c37644fcf58.pdf', 1, '2018-08-19 11:22:31', ''),
(439, 1, 'SK PERPANJANG 060213051 2014', '', '', NULL, 'a6d32827dcba912a7c53069707567527.pdf', 1, '2018-08-19 11:22:31', ''),
(440, 1, 'SK2 060213020 2014', '', '', NULL, 'cf7894182ee5caec0d0ba2fe8999c803.pdf', 1, '2018-08-19 11:22:31', ''),
(441, 1, 'SK PERPANJANG 060213011 2014', '', '', NULL, '2b7584dab20587fd246507c3ef097252.pdf', 1, '2018-08-19 11:22:31', ''),
(442, 1, 'SK3 060213023 2014', '', '', NULL, 'f07bb9a4b5c9ac88e500169966d2e3be.pdf', 1, '2018-08-19 11:22:31', ''),
(443, 1, 'SK2 060213021 2014', '', '', NULL, '2a42673a7457d6357983e589ea58408b.pdf', 1, '2018-08-19 11:22:31', ''),
(444, 1, 'SK3 060213042 2014', '', '', NULL, '894ab427c55b2e28956bf1523d0d838f.pdf', 1, '2018-08-19 11:22:31', ''),
(445, 2, 'JURNAL TEKNIK ELEKTRO DAN KOMPUTER', '', '', NULL, 'cc2fcab598fd6d876ab738f82cb04319.pdf', 1, '2018-08-19 11:22:31', ''),
(446, 3, 'LAPORAN PENGABDIAN DI SMK 2 N MANADO', '', '', NULL, 'da257f4188ff1807de8b87f2fffbf08b.pdf', 1, '2018-08-19 11:22:31', ''),
(447, 3, 'P2M DI DESA TONTALETE 2015', '', '', NULL, 'a6f3b8cae04f477561a33f48baa5374e.pdf', 1, '2018-08-19 11:22:31', ''),
(448, 2, 'PENELITIAN MANDIRI PEMROGRAMAN ROBOT PENARI TARI LENGONG', '', '', NULL, '14e0b0d7f0cb28edc0e76d36db49d42d.pdf', 1, '2018-08-19 11:22:31', ''),
(449, 4, 'SERTIFIKAT', '', '', NULL, '65395d5202527d67e1a62f4baedbcb91.pdf', 1, '2018-08-19 11:22:31', ''),
(450, 4, 'SERTIFIKAT', '', '', NULL, '1e5b80d9449815ff3152c9b2eb3f9032.pdf', 1, '2018-08-19 11:22:31', ''),
(451, 1, 'SK3 070213050 2014', '', '', NULL, '1d70cb3fbebc43af3c3a804b6379ec22.pdf', 1, '2018-08-19 11:22:31', ''),
(452, 1, 'SK3 060213080 2014', '', '', NULL, 'c874b2e54d1162928eabbbbc9b730dde.pdf', 1, '2018-08-19 11:22:31', ''),
(453, 1, 'SK3 070213009 2014', '', '', NULL, 'a834d2aadad58f3d93f4e0cb9a8abe3f.pdf', 1, '2018-08-19 11:22:31', ''),
(454, 3, 'SK TIM PENGABDIAN PADA GPSDI JEMAAT ALFA OMEGA WANEA', '', '', NULL, '43b026b2715f48347698adf169ca91fa.pdf', 1, '2018-08-19 11:22:31', ''),
(455, 1, 'SK PERPANJANG 080213028 2014', '', '', NULL, 'adbce982f3ab145433b50d5861276695.pdf', 1, '2018-08-19 11:22:31', ''),
(456, 3, 'P2M DI DESA TONTALETE 2015', '', '', 2015, 'f04b38f3af9a24538c0ca877f489b1c8.pdf', 1, '2018-08-19 11:22:31', ''),
(457, 4, 'SERTIFIKAT', '', '', NULL, 'cee3093e5cddc8c98c1a51feeb751e94.pdf', 1, '2018-08-19 11:22:31', ''),
(458, 4, 'SK TIM PENERBIT JURNAL INFORMATIKA', '', '', NULL, 'fe2435f58f099dd4e85a9219146aed3e.pdf', 1, '2018-08-19 11:22:31', ''),
(459, 4, 'SK TIM PENGELOLA E-LEARNING CENTER & WEBSITE', '', '', NULL, 'a089281e6cb2d0302b059d9fea52cc7b.pdf', 1, '2018-08-19 11:22:31', ''),
(460, 3, 'P2M DI DESA TONTALETE 2015', '', '', NULL, '50304b6cbd87b2120e9b95dff14c60fc.pdf', 1, '2018-08-19 11:22:31', ''),
(461, 4, 'SERTIFIKAT', '', '', NULL, '94fb42102fb88f61e419d185b1c50c8e.pdf', 1, '2018-08-19 11:22:31', ''),
(462, 1, 'SK3 060213023 2014', '', '', NULL, '11824604746091dbb44bc969556f403e.pdf', 1, '2018-08-19 11:22:31', ''),
(463, 1, 'SK3 0602145022 2014', '', '', NULL, '982c2d253f9682e6b1140ec8c14d8512.pdf', 1, '2018-08-19 11:22:31', ''),
(464, 4, 'SK PEMBENTUKAN PANITIA NATAL', '', '', NULL, 'aa7aa2fee8fa7b5e147339dc32c234f2.pdf', 1, '2018-08-19 11:22:31', ''),
(465, 1, 'SK3 060213042 2014', '', '', NULL, 'bcd8f4008b757320b4f4d776df3fd18a.pdf', 1, '2018-08-19 11:22:31', ''),
(466, 3, 'P2M DI DESA TONTALETE 2015', '', '', NULL, 'a71bed7671831c5229f6b957a05193b7.pdf', 1, '2018-08-19 11:22:31', ''),
(467, 4, 'SERTIFIKAT', '', '', NULL, '98794ef8c951ff9ca3116363478f3cf2.pdf', 1, '2018-08-19 11:22:31', ''),
(468, 1, 'SK3 060213080 2014', '', '', NULL, '04199494df29cee0f47f665e0b2bda9e.pdf', 1, '2018-08-19 11:22:31', ''),
(469, 1, 'SK3 070213079 2014', '', '', NULL, '9e222cc988bfd49d055c40f3318510e5.pdf', 1, '2018-08-19 11:22:31', ''),
(470, 1, 'SK PERPANJANG 080213028 2014', '', '', NULL, '6ac557f8eb6fbe8c14d830d141d854e4.pdf', 1, '2018-08-19 11:22:31', ''),
(471, 1, 'SK3 090213092 2014', '', '', NULL, 'f6f3c0d6a104aeb5ca4e5e7ea75be3af.pdf', 1, '2018-08-19 11:22:31', ''),
(472, 4, 'SK TIM PENELITIAN MANDIRI', '', '', NULL, 'a093293fa5a0160b99a55a262df97db9.pdf', 1, '2018-08-19 11:22:31', ''),
(473, 4, 'SK TIM PENYUSUN BUKU PANDUAN', '', '', NULL, 'b069546b98a6dd85206b4519c45cac74.pdf', 1, '2018-08-19 11:22:31', ''),
(474, 4, 'SK TIM PERSIAPAN AKREDITASI', '', '', NULL, '425daaf8b728789d847364a8494941f0.pdf', 1, '2018-08-19 11:22:31', ''),
(475, 3, 'SK TIM PENGABDIAN PADA GPSDI JEMAAT ALFA OMEGA WANEA', '', '', NULL, '6c0896168f2b56a9bb9fca48626e0b45.pdf', 1, '2018-08-19 11:22:31', ''),
(476, 3, 'P2M DI DESA TONTALETE 2015', '', '', NULL, 'aab0acd68eaa7805813a952c16754dbc.pdf', 1, '2018-08-19 11:22:31', ''),
(477, 3, 'P2M DI DESA TONTALETE 2015', '', 'SK Dekan No. 02/UN12.7/PP/2015', 2015, '123b0bdb2602e8c873653030f44c104f.pdf', 1, '2018-08-19 11:22:31', ''),
(481, 4, 'Cover Depan Prosiding SSTI', '', 'Seminar Sistem Telekomunikasi dan Informasi 2014', 2014, '7a31b61aff904cd6b78008d2eb76d6a9.pdf', 1, '2018-08-19 11:22:31', ''),
(482, 4, 'Sertifikat Workshop Blogging', '', 'Workshop Blogging JiKTI Sulawesi Utara 2014', 2014, '5983f8426f830228a0909a2dbe8da2cd.pdf', 1, '2018-08-19 11:22:31', ''),
(483, 4, 'SERTIFIKAT', '', '', NULL, 'e4ed2b69b7667fa71d0c6af3c43080c9.pdf', 1, '2018-08-19 11:22:31', ''),
(484, 3, 'SK PEMBENTUKAN TIM PENGABDIAN (GMIM BAITEL RANOIAPO)', '', '', NULL, 'bd308676a967c5a5d799cf0d9e30392f.pdf', 1, '2018-08-19 11:22:31', ''),
(485, 4, 'SK PEMBERHENTIAN DAN PENGANGKATAN KEPALA LAB.', '', '', NULL, '3c3ad3afc9998c2f6cf7f03d8ee5178e.pdf', 1, '2018-08-19 11:22:31', ''),
(486, 4, 'SK PENGANGKATAN KELOMPOK TENAGA FUNGSIONAL', '', '', NULL, '67bc11e3a4145109911088f6650cefab.pdf', 1, '2018-08-19 11:22:31', ''),
(487, 2, 'TSSA 2014', '', '', NULL, 'c4025562cc88115d04320e3490f7e32d.pdf', 1, '2018-08-19 11:22:31', ''),
(488, 1, 'SK2 090213006 2014', '', 'SK 2 atas nama Edwina Pusparini', 2014, 'e4c79828dbe6660ac772f0698c709144.pdf', 1, '2018-08-19 11:22:31', ''),
(489, 1, 'SK2 0802135143 2014', '', 'An. Maureen Kereh', 2014, '14c493f33ab1d0559df22a787c988de6.pdf', 1, '2018-08-19 11:22:31', ''),
(490, 1, 'SK3 100216028 2014', '', '', NULL, 'ef6b6abae9e6ace6f5ee1a6ec14dd2f6.pdf', 1, '2018-08-19 11:22:31', ''),
(491, 1, 'SK3 070213068 2014', '', '', NULL, 'e8dba8e073bcf5b8eac4a4d872555043.pdf', 1, '2018-08-19 11:22:31', ''),
(492, 1, 'SK1 100216047 2014', '', '', NULL, '974b2589302d6365976bda0e4ca7366b.pdf', 1, '2018-08-19 11:22:31', ''),
(493, 1, 'SK3 090213050 2014', '', '', NULL, 'd5817abf15c465da53c1f8180b726aab.pdf', 1, '2018-08-19 11:22:31', ''),
(494, 4, 'TIM KERJA SINODE GMIM', '', '', NULL, '3654c417ef055b04941dbc6590a33420.pdf', 1, '2018-08-19 11:22:31', ''),
(495, 1, 'WORKSHOP PERAN TIK', '', '', NULL, '3566c6ed3d55135e12c5349b8ff79449.pdf', 1, '2018-08-19 11:22:31', ''),
(496, 1, 'SK2 100216076 2014', '', '', NULL, '7d58cc0347cacffa9614df69ca2b5132.pdf', 1, '2018-08-19 11:22:31', ''),
(497, 1, 'SK2 100216034 2014', '', '', NULL, '1452ac72990d0197c40b5c4d571304f5.pdf', 1, '2018-08-19 11:22:31', ''),
(498, 1, 'SK3 100216061 2014', '', '', NULL, 'b0eeb84bbbbfa6b9146bd0fe5299301a.pdf', 1, '2018-08-19 11:22:31', ''),
(499, 1, 'SK2 080213095 2014', '', '', NULL, 'edee7c3337d0598ff739c5fbd55909fe.pdf', 1, '2018-08-19 11:22:31', ''),
(500, 1, 'SK1 100216047 2014', '', '', NULL, 'ffe146a324cbdd8838c2a30ecab13b3e.pdf', 1, '2018-08-19 11:22:31', ''),
(501, 3, 'P2M DI DESA TONTALETE 2015', '', '', NULL, 'adee603d5f4fd7a1affb8c9116fa2ab4.pdf', 1, '2018-08-19 11:22:31', ''),
(502, 4, 'SERTIFIKAT', '', '', NULL, '7972b5a5ad09df5e2dd22d8945444fd5.pdf', 1, '2018-08-19 11:22:31', ''),
(503, 2, 'TSSA 2014', '', '', NULL, '1d39c677e8cb6e801744b86b467705ff.pdf', 1, '2018-08-19 11:22:31', ''),
(504, 1, 'Sertifikat Pendidik (Serdos)', '', 'Sertifikat an, Xaverius Najoan', 2016, '55ab37d2f6851fd7c0fcc87789a3d938.jpg', 1, '2018-08-19 11:22:31', ''),
(505, 1, 'IJAZAH S2', '', '', 2016, 'cd652ae91afce10366f3c7c62f5fdfc3.jpg', 1, '2018-08-19 11:22:31', ''),
(506, 5, 'TRANSKRIP', '', 'Transkrip Akademik Program Pendidikan Magister', 2016, '0eab67cb8652455eff531900410349d5.pdf', 1, '2018-08-19 11:22:31', ''),
(507, 6, 'Sertifikat Pendidik', '', 'Sertifikat Dosen Pendidik Profesional', 2016, 'a32d4c37449229e5b515af9d79671519.pdf', 1, '2018-08-19 11:22:31', ''),
(508, 6, 'SK IIIc', '', 'SK Penata IIIc No. 2108/A2.3/KP/2016', 2016, '370bdbf19d6f3e38897c6868874f9200.pdf', 1, '2018-08-19 11:22:31', ''),
(509, 6, 'SK Lektor', '', '', 2015, '2ad401a0e093da8c17e8b12076ab112c.pdf', 1, '2018-08-19 11:22:31', ''),
(510, 1, 'SK 2  No. 1003/UN12.7/LL/2015', '', 'SK 2 Edvin Batuwael', 2015, 'c45ee08db072bd6398ca404d7e513572.pdf', 0, '2018-08-19 11:22:31', ''),
(511, 1, 'IJAZAH S3', '', 'ENGLISH', 2015, '71120fb88ff22eb4444303035210c097.pdf', 1, '2018-08-19 11:22:31', ''),
(512, 1, 'IJAZAH S3', '', 'JAPAN', 2015, 'efcf0ed21976e82f1ad0acca04abb857.pdf', 1, '2018-08-19 11:22:31', ''),
(513, 6, 'SK Guru Besar', '', 'No.:59910/A2.7/KP/2006 tanggal 31 Agustus 2006', 2006, '77766304a512258656700ccc06b733ec.pdf', 1, '2018-08-19 11:22:31', ''),
(514, 6, 'SK IVd', '', 'SK Presiden RI No.: 103/K tahun 2012 tanggal 10 Desember 2012', 2012, 'd3a052f69d08c6188eea45dcbd16ada4.pdf', 1, '2018-08-19 11:22:31', ''),
(515, 5, 'Ijazah S2', '', 'Master of Science in Renewable Energy, Murdoch University, Perth, Western Australia, 11 August 2010', 2010, '60b49de5f447e3e5d0e1b1dbeb00e192.jpg', 1, '2018-08-19 11:22:31', ''),
(516, 5, 'SK Penyetaraan Ijazah', '', 'SK penetapan hasil penilaian ijazah pendidikan tinggi lulusan luar negeri oleh Dirjen Dikti Kemendiknas RI No. 2310/Dikti/Kep/IJLN/2010, tanggal 16 November 2010, ditandatangani oleh Direktur Akademik Dirjen Dikti Dr. Ir. Illah Sailah, M.S.', 2010, '17e62767623861b08d0502099c505dd9.jpg', 1, '2018-08-19 11:22:31', ''),
(517, 5, 'Ijazah S1', '', 'Ijazah S1 pada Program Studi Teknik Mesin, tanggal 26 Juli 2003', 2003, 'a47ec3cc5c4abca8d78ed2966b848d77.jpg', 1, '2018-08-19 11:22:31', ''),
(518, 6, 'SK CPNS', '', 'Nomor 4133/A2/KP/2005, tanggal SK 21 Februari 2005, TMT 1 Januari 2005\r\na.n. Menteri Pendidikan Nasional, Kepala Bagian Pengangkatan Dalam Jabatan, Biro Kepegawaian Sekretariat Jenderal, Dra. Garti Sri Utami, M.Ed', 2005, '2db1a372ebf7364afc017abcc23054a1.jpg', 1, '2018-08-19 11:22:31', ''),
(519, 6, 'SK Penata Muda/IIIa', '', 'No SK 1313/J12.15/KP/2005, tanggal 30 Desember 2005, TMT 1 Januari 2006, a.n. Menteri Pendidikan Nasional, Kepala Biro Administrasi Umum dan Keuangan UNSRAT, Elsje Christiane Kambey, SH', 2005, 'e21a7a5e6f4ca964db0b58adb3acf694.jpg', 1, '2018-08-19 11:22:31', ''),
(520, 6, 'SK Penata Muda Tingkat I/IIIb', '', 'Nomor 169728/A4.3/KP/2014, tanggal 17 Oktober 2014, TMT 01-10-2014, a.n. Menteri Pendidikan dan Kebudayaan Kepala Bagian Mutasi Dosen Biro Kepegawaian, Taufan Sudrajat, S.E., M.Si.', 2014, '73af8c69e5ef3b1d11ce4a8b05df43c0.jpg', 1, '2018-08-19 11:22:31', ''),
(521, 6, 'SK jabatan Asisten Ahli', '', 'Nomor 1099/J12/KP/2006', 2006, 'ebcf42ea87b973c78d0e7a2caedda278.jpg', 1, '2018-08-19 11:22:31', ''),
(522, 1, 'SK jabatan Lektor', '', 'Nomor 1598/UN12/KP/2013, tanggal 31 Juli 2013, TMT 1 Agustus 2013, a.n. Menteri Pendidikan dan Kebudayaan, Rektor Unsrat, Donald A. Rumokoy', 2013, '0eb75166cd9c1b61d11fe2536f702ea1.pdf', 1, '2018-08-19 11:22:31', ''),
(523, 1, 'Ijazah S1', '', '', 2016, '4db91cf2ad6e4d11d7d8142ab7f739fa.jpg', 1, '2018-08-19 11:22:31', ''),
(524, 3, 'SURAT PENUNJUKKAN BAIT-EL', '', '', 2017, '16dcdab1db33177d1229ab848145f581.pdf', 1, '2018-08-19 11:22:31', ''),
(525, 3, 'SURAT PENUNJUKKAN BAIT-EL', '', '', 2017, '7b72b4612f07d3c3a734b8742c9e7919.pdf', 1, '2018-08-19 11:22:31', ''),
(526, 3, 'SURAT PENUNJUKKAN BAIT-EL', '', '', 2017, '937944b2767e908d1ff6d964d4b314d5.pdf', 1, '2018-08-19 11:22:31', ''),
(527, 3, 'SURAT PENUNJUKKAN BAIT-EL', '', '', 2017, 'b5addde8b96e342e610bb440c772fa37.pdf', 1, '2018-08-19 11:22:31', ''),
(528, 3, 'SURAT PENUNJUKKAN BAIT-EL', '', '', 2017, '708997b9ccf320671b5033f19ad9b19a.pdf', 1, '2018-08-19 11:22:31', '');
INSERT INTO `ft_dokumen` (`dokumenId`, `dokumenDocgroupId`, `dokumenNama`, `dokumenNomor`, `dokumenDeskripsi`, `dokumenTahun`, `dokumenFile`, `dokumenIsPersonalDoc`, `tglUpdate`, `userUpdate`) VALUES
(529, 3, 'SURAT PENUNJUKKAN BAIT-EL', '', '', 2017, 'd006cb6f8772d1062d9114fca88e9787.pdf', 1, '2018-08-19 11:22:31', ''),
(530, 3, 'SURAT PENUNJUKKAN BAIT-EL', '', '', 2017, '6c312ca72e4831e60755c71546a4761c.pdf', 1, '2018-08-19 11:22:31', ''),
(531, 1, 'SURAT PENUNJUKKAN BAIT-EL', '', '', 2017, '55b050c94d4eae2725c82f16d0d91897.pdf', 1, '2018-08-19 11:22:31', ''),
(533, 3, 'SURAT PENUNJUKKAN BAIT-EL', '', '', 2017, 'ad44df80328534cabb276cdac2636c31.pdf', 1, '2018-08-19 11:22:31', ''),
(534, 3, 'SURAT PENUNJUKKAN BAIT-EL', '', '', 2017, '838cf02317b472667968debba8f4e512.pdf', 1, '2018-08-19 11:22:31', ''),
(535, 3, 'SURAT PENUNJUKKAN BAIT-EL', '', '', 2017, 'b19a8ceb1bf7a3f18b90abeb7f6e707d.pdf', 1, '2018-08-19 11:22:31', ''),
(536, 3, 'SURAT PENUNJUKKAN BAIT-EL', '', '', 2017, 'd0506a9e234d035d10026889f236454a.pdf', 1, '2018-08-19 11:22:31', ''),
(537, 3, 'SURAT PENUNJUKKAN BAIT-EL', '', '', 2017, '26e9152bf6c684aa58502f3480a7b4a4.pdf', 1, '2018-08-19 11:22:31', ''),
(538, 3, 'SURAT PENUNJUKKAN BAIT-EL', '', '', 2017, '4e3890cba6a0fd69a81940d6750888b6.pdf', 1, '2018-08-19 11:22:31', ''),
(539, 3, 'SURAT PENUNJUKKAN BAIT-EL', '', '', 2017, 'd311179776d8cdd7e0f8174fd4e08faa.pdf', 1, '2018-08-19 11:22:31', ''),
(541, 1, 'KRS  Semester Genap    2016 / 2017 ,     Nama : Claudia B. Takapente           NIM  :  14021106122', '', '', 2017, 'e5a22539bdd75cb6337309cb67b470a7.pdf', 1, '2018-08-19 11:22:31', ''),
(542, 1, 'SK PNS', '', '', 2014, 'bd7c25ea465472faef383b6ba95abf7e.pdf', 1, '2018-08-19 11:22:31', ''),
(543, 1, 'SK CPNS', '', '', 2012, 'c1a6e6b71d7cf124c16d4e01fcdd0864.pdf', 1, '2018-08-19 11:22:31', ''),
(544, 1, 'AKTE KELAHIRAN', '', '', 1980, '909fc19d1a3ecf704c8d23dde745d2c4.pdf', 1, '2018-08-19 11:22:31', ''),
(545, 1, 'RIWAYAT PEKERJAAN', '', '', 2015, '65569254d7c71a8446b62235d2634afd.pdf', 1, '2018-08-19 11:22:31', ''),
(548, 1, 'PENETAPAN JABATAN FUNGSIONAL', '', '', 2016, '5edfa1dd513bbcc5a476292bb331ed47.pdf', 1, '2018-08-19 11:22:31', ''),
(549, 1, 'Absen dan DPNA  Semester Ganjil  2016/2017 M.K  Perancangan PCB kode: ELC-7204', '', '', 2016, 'bdca1a56b4dd5aa72abbaeec318b7136.pdf', 1, '2018-08-19 11:22:31', ''),
(550, 1, 'Absen dan DPNA M.K Elektronika Industri kode: ELC-7203 sem. Ganjil 2016/2017', '', '', 2016, '97c2eda0f63915e4724de7353c2bc420.pdf', 1, '2018-08-19 11:22:31', ''),
(551, 1, 'Absen dan DPNA M.K Praktikum Elektronikla Analog ( EC-5221 ) Sem: Ganjil 2016/2017', '', '', 2016, 'b0fe049d42ed706d5cccaf667064f3fa.pdf', 1, '2018-08-19 11:22:31', ''),
(552, 1, 'Absen dan DPNA M.K  Elektronika Analog ( 5201 ) sem. Ganjil 2016/2017', '', '', 2016, '57e0b1dbdfdad951f8f6aedc75a61efa.pdf', 1, '2018-08-19 11:22:31', ''),
(553, 1, 'Absen dan DPNA M.K Elektronika Industri ( EC-5202 ) Sem. Ganjil  2016/2017', '', '', 2016, '677e20b671b9563780189c3d622724ad.pdf', 1, '2018-08-19 11:22:31', ''),
(554, 1, 'Absen dan DPNA M.K  Perancangan PCB ( EC-72 03) Sem. Ganjil 2016/2017', '', '', 2016, '55d499794f73c4cd7352936a303969b4.pdf', 1, '2018-08-19 11:22:31', ''),
(555, 1, 'Sertifikat Seminar Nasional Keteknikan', '', '', 2016, '42ca407b44120548c593ac37ccc75485.pdf', 1, '2018-08-19 11:22:31', ''),
(556, 1, 'LKD  Semester   Gasal     2016/2017', '', '', 2016, 'fe2683eabee916cf5ae7f45f288e9dba.pdf', 1, '2018-08-19 11:22:31', ''),
(557, 1, 'SK  Mengajar Semester Ganjil  2016/2017  Jurusan Elektro', '', '', 2017, 'be5ec8f493c0a44650fcf2ee71bedd99.pdf', 1, '2018-08-19 11:22:31', ''),
(558, 1, 'SK Pembimbingan  A.n   Abdurraziq Bachmid', '', '', 2016, '4181a5efb9e74465326308bb7d8edfeb.pdf', 1, '2018-08-19 11:22:31', ''),
(559, 1, 'SK  Pembimbingan   A.n  Geraldo  Manus', '', '', 2016, '42d8d9f3cdffeb9cc73683e300bcf775.pdf', 1, '2018-08-19 11:22:31', ''),
(560, 1, 'Tim Pengabdian di Kabupaten Minahasa Selatan', '', '', 2016, '2709be3ee4b1f8e38dec7479a1adf7a1.pdf', 1, '2018-08-19 11:22:31', ''),
(561, 1, 'SK Pembimbingan Semester Genap Tahun akademik  2015/2016', '', '', 2016, '2c1ff067f4b24f90a1172aa9df109520.pdf', 1, '2018-08-19 11:22:31', ''),
(562, 1, 'Daftar Hadir pembimbingan  rein pukoliwutang', '', '', 2016, '11de40f204136f2a8d0a68de21a5880e.pdf', 1, '2018-08-19 11:22:31', ''),
(563, 4, 'Akte Nikah', '', '', 2012, '18872d7349884c6c4b0b8e7e3b6dfe37.pdf', 1, '2018-08-19 11:22:31', ''),
(564, 1, 'kartu elektronik', '', '', 2017, '7e6fece4fa1bafb55b4a66ebd6a13470.pdf', 1, '2018-08-19 11:22:31', ''),
(565, 1, 'KTP', '', '', 2017, 'ef1c9421f4ac1646c24780fc71d85532.jpg', 1, '2018-08-19 11:22:31', ''),
(566, 1, 'NPWP', '', '', 2017, '4237a27d5ef4b2a8b4798d98df0211bf.pdf', 1, '2018-08-19 11:22:31', ''),
(567, 1, 'Sertifikat Dosen', '', '', 2017, 'ace419d2f1112e095f28525c3a37506b.jpg', 1, '2018-08-19 11:22:31', ''),
(568, 1, 'Sertifikat Learning', '', '', 2017, 'db6945763b2dc496c3f8f1943b2dea56.pdf', 1, '2018-08-19 11:22:31', ''),
(569, 1, 'Sertifikat Pekerti', '', '', 2017, '372b3de684b7a0ae30756f2cd16186fc.pdf', 1, '2018-08-19 11:22:31', ''),
(570, 1, 'Ijasah S1', '', '', 2017, 'ccea9bf8cc9ce72154780a1b53b96140.pdf', 1, '2018-08-19 11:22:31', ''),
(571, 1, 'Ijasah S3   Doktor', '', '', 2015, '9410acf03926344f5fb6a9d69518ef75.pdf', 1, '2018-08-19 11:22:31', ''),
(575, 6, 'SK CPNS', '', 'SK CPNS', 2000, '421260645e19ca929cee9558443a4486.jpg', 1, '2018-08-19 11:22:31', ''),
(576, 5, 'Ijasah S3', '', 'Pukyong National University, Korea Selatan', 2012, '902e3180a3952c1e978a9f245085008a.jpg', 1, '2018-08-19 11:22:31', ''),
(577, 5, 'Serdos', '', 'Sertifikasi Dosen', 2013, '004cb54b0ec9630511cbea4765913865.jpg', 1, '2018-08-19 11:22:31', '');

-- --------------------------------------------------------

--
-- Table structure for table `ft_dokumen_user`
--

CREATE TABLE `ft_dokumen_user` (
  `dokumenId` int(11) NOT NULL,
  `userId` varchar(255) NOT NULL
) ENGINE=InnoDB DEFAULT CHARSET=latin1;

--
-- Dumping data for table `ft_dokumen_user`
--

INSERT INTO `ft_dokumen_user` (`dokumenId`, `userId`) VALUES
(98, '196705101997021001'),
(99, '196705101997021001'),
(100, '196705101997021001'),
(101, '196705101997021001'),
(102, '196705101997021001'),
(103, '196705101997021001'),
(104, '196705101997021001'),
(105, '196705101997021001'),
(106, '196705101997021001'),
(107, '196705101997021001'),
(108, '196705101997021001'),
(109, '196705101997021001'),
(110, '196410281994121001'),
(111, '196410281994121001'),
(112, '196410281994121001'),
(113, '196410281994121001'),
(114, '197303292005012001'),
(115, '197303292005012001'),
(116, '197303292005012001'),
(117, '197303292005012001'),
(118, '197303292005012001'),
(120, '197303292005012001'),
(121, '197304172000031001'),
(122, '197304172000031001'),
(123, '197304172000031001'),
(124, '197304172000031001'),
(125, '197304172000031001'),
(126, '197304172000031001'),
(127, '198105262005011002'),
(128, '198105262005011002'),
(129, '198105262005011002'),
(130, '198105262005011002'),
(131, '198105262005011002'),
(132, '198105262005011002'),
(133, '198105262005011002'),
(134, '195905131985021001'),
(135, '195905131985021001'),
(136, '195905131985021001'),
(137, '195905131985021001'),
(138, '195905131985021001'),
(139, '195905131985021001'),
(140, '195905131985021001'),
(141, '195905131985021001'),
(142, '195905131985021001'),
(143, '195905131985021001'),
(144, '195905131985021001'),
(145, '195905131985021001'),
(146, '195905131985021001'),
(147, '196610161997021001'),
(148, '196610161997021001'),
(149, '196610161997021001'),
(151, '196610161997021001'),
(152, '197507292006041001'),
(153, '197507292006041001'),
(154, '197507292006041001'),
(155, '197507292006041001'),
(156, '197507292006041001'),
(157, '197507292006041001'),
(158, '197507292006041001'),
(159, '197507292006041001'),
(160, '197507292006041001'),
(161, '197507292006041001'),
(162, '197507292006041001'),
(163, '196910071998031002'),
(164, '196910071998031002'),
(165, '196910071998031002'),
(166, '196910071998031002'),
(167, '196910071998031002'),
(168, '196910071998031002'),
(169, '196910071998031002'),
(171, '196910071998031002'),
(172, '196001011989101001'),
(173, '196001011989101001'),
(174, '196001011989101001'),
(175, '196001011989101001'),
(176, '196001011989101001'),
(177, '196001011989101001'),
(178, '197611212003122001'),
(179, '197611212003122001'),
(180, '197611212003122001'),
(181, '197611212003122001'),
(182, '197611212003122001'),
(183, '197611212003122001'),
(184, '197611212003122001'),
(185, '197611212003122001'),
(186, '197611212003122001'),
(187, '197611212003122001'),
(188, '197611212003122001'),
(191, '198201192006042004'),
(192, '198201192006042004'),
(193, '198201192006042004'),
(194, '198201192006042004'),
(195, '198201192006042004'),
(196, '198201192006042004'),
(197, '198201192006042004'),
(198, '198201192006042004'),
(199, '198201192006042004'),
(200, '197403272002121002'),
(201, '197403272002121002'),
(202, '197403272002121002'),
(203, '197403272002121002'),
(204, '197403272002121002'),
(205, '197403272002121002'),
(206, '197403272002121002'),
(207, '197403272002121002'),
(208, '196309081994031001'),
(209, '196309081994031001'),
(210, '196309081994031001'),
(211, '198006112003122002'),
(212, '198006112003122002'),
(213, '198006112003122002'),
(214, '198006112003122002'),
(215, '198006112003122002'),
(216, '198006112003122002'),
(217, '198006112003122002'),
(218, '198006112003122002'),
(219, '198006112003122002'),
(220, '198006112003122002'),
(221, '198006112003122002'),
(222, '198006112003122002'),
(223, '198006112003122002'),
(224, '198012092008011004'),
(225, '198012092008011004'),
(226, '198012092008011004'),
(227, '198012092008011004'),
(228, '198012092008011004'),
(229, '198012092008011004'),
(230, '198012092008011004'),
(231, '198012092008011004'),
(232, '196604031995122001'),
(233, '196604031995122001'),
(234, '196604031995122001'),
(235, '196604031995122001'),
(236, '196604031995122001'),
(237, '196604031995122001'),
(238, '196604031995122001'),
(239, '196604031995122001'),
(241, '197603192005011003'),
(242, '197603192005011003'),
(243, '197603192005011003'),
(244, '197603192005011003'),
(245, '197603192005011003'),
(246, '197603192005011003'),
(247, '197603192005011003'),
(248, '197603192005011003'),
(249, '197603192005011003'),
(250, '196705271995121001'),
(251, '196705271995121001'),
(252, '196705271995121001'),
(253, '196705271995121001'),
(254, '196705271995121001'),
(255, '196705271995121001'),
(256, '196705271995121001'),
(257, '196705271995121001'),
(258, '196705271995121001'),
(259, '196705271995121001'),
(260, '196705271995121001'),
(261, '196705271995121001'),
(262, '196705271995121001'),
(263, '196705271995121001'),
(264, '196705271995121001'),
(265, '196705271995121001'),
(266, '196705271995121001'),
(267, '196705271995121001'),
(268, '196705271995121001'),
(269, '196705271995121001'),
(270, '196705271995121001'),
(271, '196705271995121001'),
(272, '198010042005011001'),
(273, '198010042005011001'),
(274, '198010042005011001'),
(275, '198010042005011001'),
(276, '198010042005011001'),
(277, '198010042005011001'),
(278, '198010042005011001'),
(279, '198010042005011001'),
(280, '198010042005011001'),
(281, '198010042005011001'),
(282, '198010042005011001'),
(283, '198010042005011001'),
(284, '198010042005011001'),
(285, '198010042005011001'),
(286, '198010042005011001'),
(287, '198010042005011001'),
(288, '196501121998031001'),
(289, '196501121998031001'),
(290, '196501121998031001'),
(291, '196501121998031001'),
(292, '196501121998031001'),
(293, '196501121998031001'),
(294, '196501121998031001'),
(295, '196501121998031001'),
(296, '196501121998031001'),
(297, '196501121998031001'),
(298, '196501121998031001'),
(299, '196509051995022001'),
(300, '196509051995022001'),
(301, '196509051995022001'),
(302, '196509051995022001'),
(303, '196509051995022001'),
(304, '196509051995022001'),
(305, '196509051995022001'),
(306, '196509051995022001'),
(307, '196509051995022001'),
(308, '196509051995022001'),
(309, '196509051995022001'),
(310, '196509051995022001'),
(311, '197710042006042002'),
(312, '197710042006042002'),
(313, '197710042006042002'),
(314, '197710042006042002'),
(315, '197710042006042002'),
(316, '197710042006042002'),
(317, '197710042006042002'),
(318, '197710042006042002'),
(319, '197710042006042002'),
(320, '197710042006042002'),
(321, '197910252002121001'),
(322, '197910252002121001'),
(323, '197910252002121001'),
(324, '197910252002121001'),
(325, '197910252002121001'),
(326, '197910252002121001'),
(327, '197910252002121001'),
(328, '197808212009121003'),
(329, '197808212009121003'),
(330, '197808212009121003'),
(331, '197808212009121003'),
(332, '197808212009121003'),
(333, '197808212009121003'),
(334, '198007092005011002'),
(335, '198007092005011002'),
(336, '198007092005011002'),
(337, '198007092005011002'),
(338, '198007092005011002'),
(339, '198007092005011002'),
(340, '198007092005011002'),
(341, '198007092005011002'),
(342, '198007092005011002'),
(343, '198007092005011002'),
(344, '197711202010121002'),
(345, '197711202010121002'),
(346, '196610161997021001'),
(347, '198409062010122007'),
(348, '197908042014041001'),
(349, '197908042014041001'),
(350, '197908042014041001'),
(351, '197908042014041001'),
(352, '197908042014041001'),
(353, '196804031998022001'),
(354, '196804031998022001'),
(355, '196804031998022001'),
(356, '196804031998022001'),
(357, '196804031998022001'),
(358, '196804031998022001'),
(359, '196804031998022001'),
(360, '196804031998022001'),
(361, '196804031998022001'),
(362, '196804031998022001'),
(363, '196804031998022001'),
(364, '197507292006041001'),
(365, '197507292006041001'),
(366, '197507292006041001'),
(367, '197507292006041001'),
(368, '197507292006041001'),
(369, '197507292006041001'),
(370, '195905131985021001'),
(371, '195905131985021001'),
(372, '195905131985021001'),
(373, '196705101997021001'),
(374, '196705101997021001'),
(375, '196705101997021001'),
(376, '196705101997021001'),
(377, '196705101997021001'),
(378, '196705101997021001'),
(379, '196705101997021001'),
(380, '196705101997021001'),
(381, '196705101997021001'),
(382, '197605192000032001'),
(383, '197605192000032001'),
(384, '197605192000032001'),
(385, '197605192000032001'),
(386, '197611212003122001'),
(387, '197611212003122001'),
(388, '197611212003122001'),
(389, '197611212003122001'),
(390, '197611212003122001'),
(391, '197611212003122001'),
(392, '198201192006042004'),
(393, '198201192006042004'),
(394, '198201192006042004'),
(395, '196610161997021001'),
(396, '196610161997021001'),
(398, '196610161997021001'),
(399, '195411241989031001'),
(401, '195411241989031001'),
(402, '195411241989031001'),
(403, '195411241989031001'),
(404, '196309081994031001'),
(405, '196309081994031001'),
(406, '195705071990011001'),
(407, '195705071990011001'),
(408, '195705071990011001'),
(409, '195705071990011001'),
(410, '198006112003122002'),
(411, '198006112003122002'),
(412, '198006112003122002'),
(413, '198006112003122002'),
(414, '198006112003122002'),
(415, '198006112003122002'),
(416, '196406131997021001'),
(417, '196406131997021001'),
(418, '196406131997021001'),
(419, '196406131997021001'),
(420, '196406131997021001'),
(421, '196406131997021001'),
(422, '196406131997021001'),
(423, '196406131997021001'),
(424, '196406131997021001'),
(425, '196406131997021001'),
(426, '196406131997021001'),
(427, '196406131997021001'),
(428, '196604031995122001'),
(429, '196604031995122001'),
(430, '196604031995122001'),
(431, '196604031995122001'),
(432, '196604031995122001'),
(433, '196604031995122001'),
(434, '196604031995122001'),
(435, '196604031995122001'),
(436, '197603192005011003'),
(437, '197603192005011003'),
(438, '197603192005011003'),
(439, '197603192005011003'),
(440, '197603192005011003'),
(441, '197603192005011003'),
(442, '197603192005011003'),
(443, '197603192005011003'),
(444, '197603192005011003'),
(445, '198803142012121001'),
(446, '198803142012121001'),
(447, '198803142012121001'),
(448, '198803142012121001'),
(449, '198803142012121001'),
(450, '196603311991032003'),
(451, '196603311991032003'),
(452, '196603311991032003'),
(453, '196603311991032003'),
(454, '196603311991032003'),
(455, '196603311991032003'),
(456, '198002282012121002'),
(457, '198002282012121002'),
(458, '198002282012121002'),
(459, '198002282012121002'),
(460, '196509051995022001'),
(461, '196509051995022001'),
(462, '196509051995022001'),
(463, '196509051995022001'),
(464, '196509051995022001'),
(465, '196509051995022001'),
(466, '197910252002121001'),
(467, '197910252002121001'),
(468, '197910252002121001'),
(469, '197910252002121001'),
(470, '197910252002121001'),
(471, '197910252002121001'),
(472, '197910252002121001'),
(473, '197910252002121001'),
(474, '197910252002121001'),
(475, '197910252002121001'),
(476, '197808212009121003'),
(477, '197711202010121002'),
(481, '197711202010121002'),
(482, '197711202010121002'),
(483, '197711202010121002'),
(484, '197711202010121002'),
(485, '197711202010121002'),
(486, '197711202010121002'),
(487, '197711202010121002'),
(488, '197711202010121002'),
(489, '197711202010121002'),
(490, '197711202010121002'),
(491, '197711202010121002'),
(492, '197711202010121002'),
(493, '197711202010121002'),
(494, '197808212009121003'),
(495, '197808212009121003'),
(496, '197808212009121003'),
(497, '197808212009121003'),
(498, '197808212009121003'),
(499, '197808212009121003'),
(500, '197808212009121003'),
(501, '197501282002121002'),
(502, '197501282002121002'),
(503, '197501282002121002'),
(504, '197711202010121002'),
(505, '196610161997021001'),
(506, '196610161997021001'),
(507, '198007092005011002'),
(508, '198007092005011002'),
(509, '198010042005011001'),
(510, '198409062010122007'),
(510, '197711202010121002'),
(510, '197304172000031001'),
(510, '197709292005011005'),
(510, '197507292006041001'),
(511, '197403272002121002'),
(512, '197403272002121002'),
(513, '196506031990031003'),
(514, '196506031990031003'),
(515, '197602042005011004'),
(516, '197602042005011004'),
(517, '197602042005011004'),
(518, '197602042005011004'),
(519, '197602042005011004'),
(520, '197602042005011004'),
(521, '197602042005011004'),
(522, '197602042005011004'),
(523, '196001011989101001'),
(524, '197403272002121002'),
(525, '196603311991032003'),
(526, '195905131985021001'),
(527, '196001011989101001'),
(528, '196610161997021001'),
(529, '196804031998022001'),
(530, '198007092005011002'),
(531, '196604031995122001'),
(533, '197611212003122001'),
(534, '196406131997021001'),
(535, '197910252002121001'),
(536, '198409062010122007'),
(537, '197709292005011005'),
(538, '198201192006042004'),
(539, '197710042006042002'),
(541, '198201192006042004'),
(542, '198002282012121002'),
(543, '198002282012121002'),
(544, '198002282012121002'),
(545, '198002282012121002'),
(548, '198002282012121002'),
(549, '196406131997021001'),
(550, '196406131997021001'),
(551, '196406131997021001'),
(552, '196406131997021001'),
(553, '196406131997021001'),
(554, '196406131997021001'),
(555, '196406131997021001'),
(556, '196406131997021001'),
(557, '196406131997021001'),
(558, '196406131997021001'),
(559, '196406131997021001'),
(560, '196406131997021001'),
(561, '196406131997021001'),
(562, '196406131997021001'),
(563, '198201192006042004'),
(564, '198201192006042004'),
(565, '198201192006042004'),
(566, '198201192006042004'),
(567, '198201192006042004'),
(568, '198201192006042004'),
(569, '198201192006042004'),
(570, '197403272002121002'),
(571, '195905131985021001'),
(575, '197509152000031002'),
(576, '197509152000031002'),
(577, '197509152000031002');

-- --------------------------------------------------------

--
-- Table structure for table `ft_dosen`
--

CREATE TABLE `ft_dosen` (
  `dosenId` int(11) NOT NULL,
  `kodePegawai` int(11) DEFAULT NULL,
  `nip` varchar(18) DEFAULT NULL,
  `nidn` varchar(10) DEFAULT NULL,
  `nama` varchar(255) DEFAULT NULL,
  `alamat` varchar(100) NOT NULL,
  `jabatan` varchar(100) NOT NULL,
  `bio` text NOT NULL,
  `interest` varchar(255) NOT NULL,
  `sintaId` varchar(50) NOT NULL,
  `googleId` varchar(50) NOT NULL,
  `scopusId` varchar(50) NOT NULL,
  `kodeProdi` smallint(6) NOT NULL,
  `prodi` varchar(50) DEFAULT NULL,
  `kodeJurusan` smallint(6) NOT NULL,
  `jurusan` varchar(14) DEFAULT NULL,
  `hp` varchar(30) NOT NULL,
  `email` varchar(50) NOT NULL,
  `foto` varchar(100) NOT NULL,
  `tglUpdate` timestamp NULL DEFAULT NULL ON UPDATE CURRENT_TIMESTAMP,
  `userUpdate` varchar(50) NOT NULL
) ENGINE=InnoDB DEFAULT CHARSET=utf8;

--
-- Dumping data for table `ft_dosen`
--

INSERT INTO `ft_dosen` (`dosenId`, `kodePegawai`, `nip`, `nidn`, `nama`, `alamat`, `jabatan`, `bio`, `interest`, `sintaId`, `googleId`, `scopusId`, `kodeProdi`, `prodi`, `kodeJurusan`, `jurusan`, `hp`, `email`, `foto`, `tglUpdate`, `userUpdate`) VALUES
(1, 4101, '194902261976031002', '', 'Prof. Ir. Bonny Sompie,MS', '', '', '', '', '', '', '', 14, 'TEKNIK SIPIL', 45, 'TEKNIK SIPIL', '', '', '', NULL, ''),
(2, 4118, '195409061980121001', '0006095405', 'Bonny M.M. Ointu', '', '', '', '', '', '', '', 14, 'TEKNIK SIPIL', 45, 'TEKNIK SIPIL', '', '', '', NULL, ''),
(3, 4119, '195008271979031002', '', 'Ir. R.J.M.Mandagi, MSc', '', '', '', '', '', '', '', 14, 'TEKNIK SIPIL', 45, 'TEKNIK SIPIL', '', '', '', NULL, ''),
(4, 4120, '195205121980121004', '0012055207', 'Prof. Dr. Ir. H. Manalip, MSc, DEA', '', '', '', '', '', '', '', 14, 'TEKNIK SIPIL', 45, 'TEKNIK SIPIL', '', '', '', '2016-04-08 01:33:40', ''),
(5, 4121, '196007091986032001', '0009076007', 'Prof. Dr. Ir. E. J. Kumaat, MSc. DEA', '', '', '', '', '', '', '', 14, 'TEKNIK SIPIL', 45, 'TEKNIK SIPIL', '', '', '', '2016-04-08 01:33:40', ''),
(6, 4122, '196506031990031003', '0003066504', 'Prof. Dr. Ir. Jefrey I. Kindangen, DEA', '', '', '', '', '', '', '', 15, 'ARSITEKTUR', 42, 'ARSITEKTUR', '', 'jkindangen@unsrat.ac.id', '20c37a8d48c7cff8c0bd8b6786a3f40e.jpg', '2016-05-26 06:21:46', ''),
(7, 4123, '195812171988031002', '0017125805', 'Prof. Ir. M. D. Sumajouw, M.Eng, PhD', '', '', '', '', '', '', '', 14, 'TEKNIK SIPIL', 45, 'TEKNIK SIPIL', '', '', '', '2016-04-08 01:33:40', ''),
(8, 4170, '195308181976031002', '0018085309', 'Ir. Lambertus Tanudjaja, MSc', '', '', '', '', '', '', '', 14, 'TEKNIK SIPIL', 45, 'TEKNIK SIPIL', '', '', '', '2015-07-21 02:33:25', ''),
(9, 4171, '195512181985031002', '0018125503', 'Ir. Turangan Arens Emily, MSc', '', '', '', '', '', '', '', 14, 'TEKNIK SIPIL', 45, 'TEKNIK SIPIL', '', '', '', '2015-07-21 02:33:25', ''),
(10, 4172, '195202141982031001', '0014025202', 'Ir. Hardi Gunawan, MASc', '', '', '', '', '', '', '', 13, 'TEKNIK MESIN', 44, 'TEKNIK MESIN', '', '', '', '2015-07-21 02:33:25', ''),
(11, 4173, '195402281984031001', '0028025405', 'Dr. Ir. Freddy Jansen, M.Eng', '', '', '', '', '', '', '', 14, 'TEKNIK SIPIL', 45, 'TEKNIK SIPIL', '', '', '', '2015-07-21 02:33:25', ''),
(12, 4174, '195911011988031002', '0001115907', 'Ir. Audie L. E. Rumayar, M.Eng', '', '', '', '', '', '', '', 14, 'TEKNIK SIPIL', 45, 'TEKNIK SIPIL', '', '', '', '2015-07-21 02:33:25', ''),
(13, 4175, '195010311981031001', '', 'Ir. Luther Betteng, MT.', '', '', '', '', '', '', '', 15, 'ARSITEKTUR', 42, 'ARSITEKTUR', '', '', '', NULL, ''),
(14, 4176, '195401061991032001', '0006015407', 'Dr. Ir. Lintong Elisabeth, MSi', '', '', '', '', '', '', '', 14, 'TEKNIK SIPIL', 45, 'TEKNIK SIPIL', '', 'meikeelisabeth@yahoo.co.id', 'df01c5cc07c0ef4cb9430481ec8769f5.jpg', '2016-06-06 03:00:56', ''),
(15, 4177, '196603201991032001', '0020036605', 'Dr.Eng. Ir. Liany A. Hendrata, MSi', '', '', '', '', '', '', '', 14, 'TEKNIK SIPIL', 45, 'TEKNIK SIPIL', '', '', '', '2016-05-24 08:52:14', ''),
(16, 4179, '195405081983031003', '0008055404', 'Ir. Syachrul Balamba, MT', '', '', '', '', '', '', '', 14, 'TEKNIK SIPIL', 45, 'TEKNIK SIPIL', '', '', '', '2015-07-21 02:33:25', ''),
(17, 4180, '195707041988031001', '0004075707', 'Ir. Joseph Rengkung, MT', '', '', '', '', '', '', '', 15, 'ARSITEKTUR', 42, 'ARSITEKTUR', '', '', '', '2015-07-21 02:33:25', ''),
(18, 4319, '195010051980032002', '', 'Ir. Linkan Kawet, M.Si', '', '', '', '', '', '', '', 14, 'TEKNIK SIPIL', 45, 'TEKNIK SIPIL', '', '', '', NULL, ''),
(19, 4320, '195308091982032001', '0009085301', 'Eveline Maria Wuisan', '', '', '', '', '', '', '', 14, 'TEKNIK SIPIL', 45, 'TEKNIK SIPIL', '', '', '', NULL, ''),
(20, 4322, '196602171994031001', '0017026603', 'Dwight Moody Rondonuwu', '', '', '', '', '', '', '', 16, 'PERENCANAAN WILAYAH DAN KOTA', 42, 'ARSITEKTUR', '', '', '', NULL, ''),
(21, 4323, '195805311987031003', '', 'Ir. Kussoy W. John, MT', '', '', '', '', '', '', '', 15, 'ARSITEKTUR', 42, 'ARSITEKTUR', '', '', '', NULL, ''),
(22, 4324, '195808181986012001', '0018085809', 'Ir. Reny Syafriny, CES', '', '', '', '', '', '', '', 15, 'ARSITEKTUR', 42, 'ARSITEKTUR', '', '', '', '2015-07-21 02:33:25', ''),
(23, 4325, '195405161990011001', '0016055403', 'Fuad Halim', '', '', '', '', '', '', '', 14, 'TEKNIK SIPIL', 45, 'TEKNIK SIPIL', '', '', '', NULL, ''),
(24, 4563, '195103191979031001', '-', 'Ir. M. J. Paransa, MT.', '', '', '', '', '', '', '', 14, 'TEKNIK SIPIL', 45, 'TEKNIK SIPIL', '', '', '', '2016-06-06 04:39:59', ''),
(25, 4564, '195301091979031002', '0009015303', 'Ir. Jan Soukotta, MSi.', '', '', '', '', '', '', '', 13, 'TEKNIK MESIN', 44, 'TEKNIK MESIN', '', '', '', '2016-05-26 06:25:17', ''),
(26, 4565, '195711171987032001', '0017105703', 'Ir. Roosje J. Poluan, MSi', '', '', '', '', '', '', '', 16, 'PERENCANAAN WILAYAH DAN KOTA', 42, 'ARSITEKTUR', '', '', '', '2015-07-21 02:33:25', ''),
(27, 4566, '196010271990032001', '0027106004', 'Ir. Lelyani Kin Khosama, MT.', '', '', '', '', '', '', '', 14, 'TEKNIK SIPIL', 45, 'TEKNIK SIPIL', '', '', '', '2016-05-26 06:24:46', ''),
(28, 4567, '195805151987031001', '0015055808', 'Ir. Fentje Abdul Rauf, MT', '', '', '', '', '', '', '', 13, 'TEKNIK MESIN', 44, 'TEKNIK MESIN', '', '', '', '2015-07-21 02:33:25', ''),
(29, 4568, '195705071990011001', '0007055707', 'Ir. Martinus Pakiding, MT', '', '', '', '', '', '', '', 12, 'TEKNIK ELEKTRO', 43, 'TEKNIK ELEKTRO', '', '', '1e978f9ddcab37e0f59eb74a2cd29c68.jpg', '2016-03-29 01:51:13', ''),
(30, 4569, '195810171983031001', '0017105810', 'Ir. Hans F. Wowor, M.Kom', '', '', '', '', '', '', '', 77, 'INFORMATIKA', 43, 'TEKNIK ELEKTRO', '', '', '7b920d182c01431d485d207de13f9a37.jpg', '2015-07-21 02:36:12', ''),
(31, 4570, '196410101995121001', '0010106406', 'Dr. Judy O. Waani, ST, MT', '', '', '', '', '', '', '', 15, 'ARSITEKTUR', 42, 'ARSITEKTUR', '', 'judiwaani@yahoo.com', '', '2016-06-07 11:11:40', ''),
(32, 4571, '195506221981111001', '0022065507', 'Ir. Hanny Poli, MSi', '', '', '', '', '', '', '', 15, 'ARSITEKTUR', 42, 'ARSITEKTUR', '', '', '', '2015-07-21 02:33:25', ''),
(33, 4572, '196210141992031001', '0014106203', 'Prof. Dr. Ir. Fabian J. Manoppo, MAgr', '', '', '', '', '', '', '', 14, 'TEKNIK SIPIL', 45, 'TEKNIK SIPIL', '', 'Fabian_jm@unsrat.ac.id', '2c4817ca3da5b16d6ab735f191cd0e1a.jpeg', '2018-03-10 04:47:05', ''),
(34, 4573, '196404191993031002', '0019046405', 'Dr. Eng. Ir. Ariestides K. T. Dundu, MAgr', '', '', '', '', '', '', '', 14, 'TEKNIK SIPIL', 45, 'TEKNIK SIPIL', '', 'torry@unsrat.ac.id', '', '2016-06-23 16:51:59', ''),
(35, 4575, '196510141994031003', '0014106503', 'Ir. S. T. G. Kaunang, MT', '', '', '', '', '', '', '', 12, 'TEKNIK ELEKTRO', 43, 'TEKNIK ELEKTRO', '', '', '', '2015-07-21 02:33:25', ''),
(36, 4576, '195712121988031003', '0012125712', 'Papia Jonkers Corneles Franklin', '', '', '', '', '', '', '', 16, 'PERENCANAAN WILAYAH DAN KOTA', 42, 'ARSITEKTUR', '', '', '', NULL, ''),
(37, 4577, '196001011989101001', '0001016040', 'Drs. Ellia Kendek Allo, MSc', '', '', '', '', '', '', '', 12, 'TEKNIK ELEKTRO', 43, 'TEKNIK ELEKTRO', '', 'kendekallo@ymail.com', '34c71bc030a401eca516b951ba78f37b.jpg', '2016-05-25 01:36:52', ''),
(38, 4578, '196006211991031001', '0021066006', 'Dr. Eng. Ir. Sukarno, MT', '', '', '', '', '', '', '', 14, 'TEKNIK SIPIL', 45, 'TEKNIK SIPIL', '', '', '', '2016-05-24 08:55:34', ''),
(39, 4579, '196610251994031001', '0025106604', 'Prof. Dr. Ir. O. B. A. Sompie, M.Eng', '', '', '', '', '', '', '', 14, 'TEKNIK SIPIL', 45, 'TEKNIK SIPIL', '', '', '', '2016-05-24 08:51:28', ''),
(40, 4580, '195805181987031002', '0018055804', 'Dr. Eng. Ir. Tommy Jansen, MT', '', '', '', '', '', '', '', 14, 'TEKNIK SIPIL', 45, 'TEKNIK SIPIL', '', '', '', '2016-05-24 08:55:54', ''),
(41, 4582, '196107091987031003', '0009076104', 'Prof. Dr. Ir. Sangkertadi, DEA', '', '', '', '', '', '', '', 15, 'ARSITEKTUR', 42, 'ARSITEKTUR', '', '', '', '2016-04-08 01:33:51', ''),
(42, 4583, '195906171986111001', '0017065911', 'Drs. Idris Masuara, MSi.', '', '', '', '', '', '', '', 14, 'TEKNIK SIPIL', 45, 'TEKNIK SIPIL', '', '', '', '2016-05-26 06:24:19', ''),
(43, 4584, '196508201993032001', '0020086506', 'Ir. Sisca V. Pandey, MT', '', '', '', '', '', '', '', 14, 'TEKNIK SIPIL', 45, 'TEKNIK SIPIL', '', '', '', '2015-07-21 02:33:25', ''),
(44, 4585, '196601031993091002', '0003016604', 'Ir. Arthur H. Thambas, MT', '', '', '', '', '', '', '', 14, 'TEKNIK SIPIL', 45, 'TEKNIK SIPIL', '', '', '', '2015-07-21 02:33:25', ''),
(45, 4586, '197605192000032001', '0019057601', 'Dr. Eng. Meita Rumbayan, ST, M.Eng', '', '', '', '', '', '', '', 12, 'TEKNIK ELEKTRO', 43, 'TEKNIK ELEKTRO', '', '', '', '2016-05-24 08:56:18', ''),
(46, 4587, '196410281994121001', '0028106406', 'Ir. A. F. Nelwan, MT', '', '', '', '', '', '', '', 12, 'TEKNIK ELEKTRO', 43, 'TEKNIK ELEKTRO', '', '', 'f61053e6f890a55b7f48cf3fc7e6c129.jpg', '2015-07-21 02:37:06', ''),
(47, 4588, '196410101993032001', '0012127605', 'Dr. Ir. Tiny Mananoma, MT', '', '', '', '', '', '', '', 14, 'TEKNIK SIPIL', 45, 'TEKNIK SIPIL', '', '', '', '2015-07-21 02:33:25', ''),
(48, 4589, '195207211984031001', '0021075202', 'Ir. Indradjaja Makainas, MArs', '', '', '', '', '', '', '', 15, 'ARSITEKTUR', 42, 'ARSITEKTUR', '', '', '', '2015-07-21 02:33:25', ''),
(49, 4590, '196001221987031003', '0022016007', 'Ir. Suryono, MT', '', '', '', '', '', '', '', 15, 'ARSITEKTUR', 42, 'ARSITEKTUR', '', '', '', '2015-07-21 02:33:25', ''),
(50, 4591, '196201281991031001', '0028016204', 'Ir. Jermias Tjakra, MT', '', '', '', '', '', '', '', 14, 'TEKNIK SIPIL', 45, 'TEKNIK SIPIL', '', '', '', '2015-07-21 02:33:25', ''),
(51, 4592, '196910081994121001', '0008106906', 'Octavianus H. A. Rogi, ST, MSi', '', '', '', '', '', '', '', 16, 'PERENCANAAN WILAYAH DAN KOTA', 42, 'ARSITEKTUR', '', '', '', '2015-07-21 02:33:25', ''),
(52, 4593, '196909071998021002', '0007096904', 'Reky Stenly Windah, ST, MT', '', '', '', '', '', '', '', 14, 'TEKNIK SIPIL', 45, 'TEKNIK SIPIL', '', '', '', '2015-07-21 02:33:25', ''),
(53, 4594, '196701211997021001', '0021016702', 'Frits O. P. Siregar, ST, MSc', '', '', '', '', '', '', '', 15, 'ARSITEKTUR', 42, 'ARSITEKTUR', '', '', '', '2015-07-21 02:33:25', ''),
(54, 4595, '195701261989031002', '0026015701', 'Dr. Ir. James A. Timboeleng, DEA', '', '', '', '', '', '', '', 14, 'TEKNIK SIPIL', 45, 'TEKNIK SIPIL', '', '', '', '2016-04-08 01:33:40', ''),
(55, 4596, '195307291987031001', '0029075302', 'Deddy Erdiono', '', '', '', '', '', '', '', 15, 'ARSITEKTUR', 42, 'ARSITEKTUR', '', '', '', NULL, ''),
(56, 4597, '196510061995121001', '0006106504', 'Ir. Sonny Tilaar, MSi', '', '', '', '', '', '', '', 16, 'PERENCANAAN WILAYAH DAN KOTA', 42, 'ARSITEKTUR', '', 'stilaar@ymail.com', '', '2016-05-13 05:04:08', ''),
(57, 4598, '196503241993031002', '0024036506', 'Dr.Eng. Ir. Jeffry S. Frans Sumarauw, MT', '', '', '', '', '', '', '', 14, 'TEKNIK SIPIL', 45, 'TEKNIK SIPIL', '', '', '', '2016-05-24 08:59:35', ''),
(58, 4599, '197409132001122002', '0013097505', 'Windy Mononimbar, ST, MT', '', '', '', '', '', '', '', 16, 'PERENCANAAN WILAYAH DAN KOTA', 42, 'ARSITEKTUR', '', '', '', '2015-07-21 02:33:25', ''),
(59, 4600, '197311162000032001', '0016117303', 'Rieneke L.E. Sela, ST, MT', '', '', '', '', '', '', '', 16, 'PERENCANAAN WILAYAH DAN KOTA', 42, 'ARSITEKTUR', '', '', '', '2015-07-21 02:33:25', ''),
(60, 4885, '195606031987031001', '0003065602', 'Ir. Longdong Jefferson, MA', '', '', '', '', '', '', '', 14, 'TEKNIK SIPIL', 45, 'TEKNIK SIPIL', '', '', '', '2015-07-21 02:33:25', ''),
(61, 4886, '195401291990031001', '0029015406', 'Ir. Alex Binilang, MT', '', '', '', '', '', '', '', 14, 'TEKNIK SIPIL', 45, 'TEKNIK SIPIL', '', '', '', '2015-07-21 02:33:25', ''),
(62, 4887, '195804021989031002', '0002045804', 'Ir. Hanny Tangkudung, MT', '', '', '', '', '', '', '', 14, 'TEKNIK SIPIL', 45, 'TEKNIK SIPIL', '', '', '', '2015-07-21 02:33:25', ''),
(63, 4888, '196107271992031002', '0027076101', 'Julianus A.R. Sondakh,', '', '', '', '', '', '', '', 15, 'ARSITEKTUR', 42, 'ARSITEKTUR', '', '', '', NULL, ''),
(64, 4889, '196309081994031001', '0008096302', 'Ir. Hans Tumaliang, MT', '', '', '', '', '', '', '', 12, 'TEKNIK ELEKTRO', 43, 'TEKNIK ELEKTRO', '', '', '9e5ed4a7bc86e8585b3cd0efa8087b45.jpg', '2015-07-21 02:37:26', ''),
(65, 4890, '196311281994121001', '0028116306', 'Ir. Jeffry Dantje Mamoto, MAgr', '', '', '', '', '', '', '', 14, 'TEKNIK SIPIL', 45, 'TEKNIK SIPIL', '', '', '', '2015-07-21 02:33:25', ''),
(66, 4891, '196608141994031002', '0014086602', 'Rudy Poeng, ST, MT', '', '', '', '', '', '', '', 13, 'TEKNIK MESIN', 44, 'TEKNIK MESIN', '', 'rudypoeng@yahoo.com', 'a77b5a2dd879b1e01c2a72f9e2dc00ec.jpg', '2016-06-30 01:14:14', ''),
(67, 4892, '195705211987032001', '0021055706', 'Dr. Ir. Linda Tondobala, DEA', '', '', '', '', '', '', '', 16, 'PERENCANAAN WILAYAH DAN KOTA', 42, 'ARSITEKTUR', '', '', '', '2016-04-08 01:33:51', ''),
(68, 4893, '196509121995121001', '0012096503', 'I Nyoman Gede, ST, MT', '', '', '', '', '', '', '', 13, 'TEKNIK MESIN', 44, 'TEKNIK MESIN', '', 'gedeinyoman65@yahoo.com', 'ab9d20c479d4832793c35ce72e343c21.jpg', '2016-06-30 01:57:39', ''),
(69, 4894, '197202021998022001', '0002027206', 'Dr. Pingkan P. Egam, ST, MT', '', '', '', '', '', '', '', 15, 'ARSITEKTUR', 42, 'ARSITEKTUR', '', '', '', '2016-05-24 08:58:41', ''),
(70, 4895, '196511191994122001', '0019126505', 'Dr. Nita Carolina V. Monintja, ST, MT', '', '', '', '', '', '', '', 13, 'TEKNIK MESIN', 44, 'TEKNIK MESIN', '', '', '', '2016-05-24 08:59:05', ''),
(71, 4896, '196906051997021001', '0005066905', 'Jotje Rantung, ST, MT', '', '', '', '', '', '', '', 13, 'TEKNIK MESIN', 44, 'TEKNIK MESIN', '', '', '', '2015-07-21 02:33:25', ''),
(72, 4897, '195708271988031003', '0027085704', 'Herry Kapugu', '', '', '', '', '', '', '', 15, 'ARSITEKTUR', 42, 'ARSITEKTUR', '', '', '', NULL, ''),
(73, 4898, '197109302002121001', '0030097103', 'Dr. Aristotulus E. Tungka, ST, MT', '', '', '', '', '', '', '', 15, 'ARSITEKTUR', 42, 'ARSITEKTUR', '', '', '', '2016-05-24 08:56:40', ''),
(74, 4899, '197001102000122001', '0010017005', 'Lucia I. R. Lefrandt, ST, MT', '', '', '', '', '', '', '', 14, 'TEKNIK SIPIL', 45, 'TEKNIK SIPIL', '', '', '', '2015-07-21 02:33:25', ''),
(75, 4901, '196602271993031003', '0027026602', 'Ir. Pierre H. Gosal, MEDS', '', '', '', '', '', '', '', 15, 'ARSITEKTUR', 42, 'ARSITEKTUR', '', '', '', '2015-07-21 02:33:25', ''),
(76, 4903, '196705151994031003', '0015056706', 'Peter Karl Bart Assa', '', '', '', '', '', '', '', 14, 'TEKNIK SIPIL', 45, 'TEKNIK SIPIL', '', '', '', NULL, ''),
(77, 4904, '195905131985021001', '0013055904', 'Dr. Drs. Bahrun, M.Kes', '', '', '', '', '', '', '', 12, 'TEKNIK ELEKTRO', 43, 'TEKNIK ELEKTRO', '', 'drsbahrun@rocketmail.com', '465525402979e053686aa1f3a3e7d80e.jpg', '2016-04-22 02:51:59', ''),
(78, 4905, '197401151999031003', '0015017403', 'Hengky Luntungan, ST, MT', '', '', '', '', '', '', '', 13, 'TEKNIK MESIN', 44, 'TEKNIK MESIN', '', '', '', '2015-07-21 02:33:25', ''),
(79, 4906, '197508252000031001', '0025087503', 'Dr. Tritya A. Rante Arungpadang, ST, MT', '', '', '', '', '', '', '', 13, 'TEKNIK MESIN', 44, 'TEKNIK MESIN', '', '', '', '2016-05-24 09:02:35', ''),
(80, 4907, '197501282002121002', '0028017502', 'Yaulie Deo Y. Rindengan, ST, MSc', '', '', '', '', '', '', '', 12, 'TEKNIK ELEKTRO', 43, 'TEKNIK ELEKTRO', '', 'rindengan@unsrat.ac.id', '418093c37376b881aad34be63066f4e9.jpg', '2016-05-25 05:51:08', ''),
(81, 4908, '197505181999031001', '0018057501', 'Dr. Eng. Markus Karamoy Umboh, ST, MT', '', '', '', '', '', '', '', 13, 'TEKNIK MESIN', 44, 'TEKNIK MESIN', '', '', '', '2016-05-24 08:57:40', ''),
(82, 4909, '195310121983031001', '0012105302', 'Ir. Oscar Hans Kaseke, MT', '', '', '', '', '', '', '', 14, 'TEKNIK SIPIL', 45, 'TEKNIK SIPIL', '', '', '', '2015-07-21 02:33:25', ''),
(83, 4912, '196709031995022001', '0003096713', 'Grace Y. Malingkas', '', '', '', '', '', '', '', 14, 'TEKNIK SIPIL', 45, 'TEKNIK SIPIL', '', '', '', NULL, ''),
(84, 4913, '196804031998022001', '0003046803', 'Alicia A. E. Sinsuw, ST, MT', '', '', '', '', '', '', '', 77, 'INFORMATIKA', 43, 'TEKNIK ELEKTRO', '', '', '78b22eb1978b4b93295c38eff2551c22.jpg', '2018-03-13 08:20:31', ''),
(85, 4914, '196501261993031002', '0026016502', 'Jack Hary Ticoh', '', '', '', '', '', '', '', 14, 'TEKNIK SIPIL', 45, 'TEKNIK SIPIL', '', '', '', NULL, ''),
(86, 4915, '195802271990031002', '0027025703', 'Josef Eugene Raymond Sumampouw', '', '', '', '', '', '', '', 14, 'TEKNIK SIPIL', 45, 'TEKNIK SIPIL', '', '', '', NULL, ''),
(87, 4916, '196705271995121001', '0027056707', 'Meicsy E. I. Najoan, ST, MT', '', '', '', '', '', '', '', 12, 'TEKNIK ELEKTRO', 43, 'TEKNIK ELEKTRO', '', '', 'c3cb34e019648cf66c5856dbbab02734.jpg', '2015-07-21 02:37:44', ''),
(88, 4917, '196407222000032001', '0022076402', 'Dr. Veronica A. Kumurur, ST., MSi', '', '', '', '', '', '', '', 16, 'PERENCANAAN WILAYAH DAN KOTA', 42, 'ARSITEKTUR', '', 'veronicakumurur@unsrat.ac.id', '8498f57cf8b45b0285f3240c3949c2ab.jpg', '2018-03-11 13:17:31', ''),
(89, 4918, '196501121998031001', '0012016508', 'Rizal Sengkey, ST, MT', '', '', '', '', '', '', '', 77, 'INFORMATIKA', 43, 'TEKNIK ELEKTRO', '', 'rizalsengkey@gmail.com', 'acce0f5e28287ddc3437559805aca78b.jpg', '2018-03-11 07:55:31', ''),
(90, 4919, '196610161997021001', '0016106606', 'Ir. Benefit S. Narasiang, MT', '', '', '', '', '', '', '', 12, 'TEKNIK ELEKTRO', 43, 'TEKNIK ELEKTRO', '', 'benefitsemuel@gmail.com', '3172ddaf0da08c30d2bc423205351e31.jpg', '2016-04-07 03:03:17', ''),
(91, 5125, '195009241982032001', '-', 'Ir. Wenny J. Tamboto, MT', '', '', '', '', '', '', '', 14, 'TEKNIK SIPIL', 45, 'TEKNIK SIPIL', '', '', '', '2015-07-21 02:33:25', ''),
(92, 5126, '195509241989032001', '0024095504', 'Ir. Sherly Sumilat', '', '', '', '', '', '', '', 14, 'TEKNIK SIPIL', 45, 'TEKNIK SIPIL', '', '', '', '2015-07-21 02:33:25', ''),
(93, 5127, '195810311987031001', '0031105802', 'Ir. Djajeng Poedjowibowo', '', '', '', '', '', '', '', 15, 'ARSITEKTUR', 42, 'ARSITEKTUR', '', '', '', '2015-07-21 02:33:25', ''),
(94, 5128, '195712121988031004', '0012125711', 'Ir. Frans Palobo Sappu, MT', '', '', '', '', '', '', '', 13, 'TEKNIK MESIN', 44, 'TEKNIK MESIN', '', 'fpsappu@yahoo.com', '', '2016-12-05 11:24:37', ''),
(95, 5129, '195811021987031003', '0002115806', 'Ir. Gerrits Dirk Soplanit, MT', '', '', '', '', '', '', '', 13, 'TEKNIK MESIN', 44, 'TEKNIK MESIN', '', '', '', '2015-07-21 02:33:25', ''),
(96, 5130, '195807131988031004', '0013075805', 'Johanes Van Rate', '', '', '', '', '', '', '', 15, 'ARSITEKTUR', 42, 'ARSITEKTUR', '', '', '', NULL, ''),
(97, 5131, '196004071991031002', '0007046010', 'Ir. Rachmat Prijadi, M.Ars.', '', '', '', '', '', '', '', 15, 'ARSITEKTUR', 42, 'ARSITEKTUR', '', '', '', '2016-05-24 09:07:57', ''),
(98, 5132, '196710031994031001', '0003106704', 'Servie O. Dapas, ST.MT.', '', '', '', '', '', '', '', 14, 'TEKNIK SIPIL', 45, 'TEKNIK SIPIL', '', '', '', NULL, ''),
(99, 5133, '196507141991031004', '0014076504', 'Steenie E. Wallah', '', '', '', '', '', '', '', 14, 'TEKNIK SIPIL', 45, 'TEKNIK SIPIL', '', '', '', NULL, ''),
(100, 5134, '195812081995121001', '0008125807', 'Hansje Jeki Tawas', '', '', '', '', '', '', '', 14, 'TEKNIK SIPIL', 45, 'TEKNIK SIPIL', '', '', '', NULL, ''),
(101, 5135, '196507021994031001', '0002076504', 'Michael M. Rengkung, ST, MSi', '', '', '', '', '', '', '', 16, 'PERENCANAAN WILAYAH DAN KOTA', 42, 'ARSITEKTUR', '', '', '', '2015-07-21 02:33:25', ''),
(102, 5136, '196308261994031001', '0026086303', 'Ir. Surijadi Supardjo, MSi', '', '', '', '', '', '', '', 16, 'PERENCANAAN WILAYAH DAN KOTA', 42, 'ARSITEKTUR', '', '', '', '2015-07-21 02:33:25', ''),
(103, 5137, '196405131993031003', '0013056404', 'Ir. Mecky R.E. Manoppo, MT', '', '', '', '', '', '', '', 14, 'TEKNIK SIPIL', 45, 'TEKNIK SIPIL', '', 'meckymanoppo@yahoo.com', '9a66af24c53ae436b187db3dee2352c8.jpg', '2018-03-13 07:50:50', ''),
(104, 5138, '196305311993031001', '0031056503', 'Ronny Estefanus Pandaleke', '', '', '', '', '', '', '', 14, 'TEKNIK SIPIL', 45, 'TEKNIK SIPIL', '', '', '', NULL, ''),
(105, 5139, '196410101995031001', '0010106407', 'Muhammad I. Jasin', '', '', '', '', '', '', '', 14, 'TEKNIK SIPIL', 45, 'TEKNIK SIPIL', '', '', '', NULL, ''),
(106, 5140, '196604031995122001', '0003046605', 'Lily Setyowaty Patras, ST, MT', '', '', '', '', '', '', '', 12, 'TEKNIK ELEKTRO', 43, 'TEKNIK ELEKTRO', '', '', '6673da159bcc738b0386b882325428eb.jpg', '2015-07-21 02:38:31', ''),
(107, 5142, '196602231993032001', '0023026604', 'Febrina Pingkan Yvette. Sumanti,', '', '', '', '', '', '', '', 14, 'TEKNIK SIPIL', 45, 'TEKNIK SIPIL', '', '', '', NULL, ''),
(108, 5143, '196705101997021001', '0010056707', 'Dr. Eng. Vecky C. Poekoel, ST, MT', '', '', '', '', '', '', '', 12, 'TEKNIK ELEKTRO', 43, 'TEKNIK ELEKTRO', '', '', '7bfbfc18d138c0c9434736ef62bf7341.jpg', '2015-07-23 02:11:13', ''),
(109, 5144, '196207071997021001', '0007076205', 'Mielke R.I.A.J. Mondoringin', '', '', '', '', '', '', '', 14, 'TEKNIK SIPIL', 45, 'TEKNIK SIPIL', '', '', '', NULL, ''),
(110, 5145, '197308111998021001', '0011087304', 'Theo Kurniawan Sendow, ST., MT., IPM', '', '', '', '', '', '', '', 14, 'TEKNIK SIPIL', 45, 'TEKNIK SIPIL', '', 'theosendow@yahoo.com', '7abbcfaeaddfdbe8f6214892ea6aede8.jpeg', '2018-03-13 07:35:10', ''),
(111, 5146, '197111021998022001', '0002117102', 'Alva Noviana Sarajar', '', '', '', '', '', '', '', 14, 'TEKNIK SIPIL', 45, 'TEKNIK SIPIL', '', '', '', NULL, ''),
(112, 5147, '197603212000121001', '0021037601', 'Dr. Agung Sutrisno, ST, MT', '', '', '', '', '', '', '', 13, 'TEKNIK MESIN', 44, 'TEKNIK MESIN', '', '', '', '2016-05-24 08:58:17', ''),
(113, 5148, '196103101988031004', '0010036104', 'Ir. Mardan M. Anasiru', '', '', '', '', '', '', '', 15, 'ARSITEKTUR', 42, 'ARSITEKTUR', '', '', '', '2016-04-12 13:57:04', ''),
(114, 5149, '196104021989032002', '0002046107', 'Joice Elfrida Waani', '', '', '', '', '', '', '', 14, 'TEKNIK SIPIL', 45, 'TEKNIK SIPIL', '', '', '', NULL, ''),
(115, 5150, '197509152000031002', '0015097504', 'Dr.Eng. Stenly Tangkuman, ST, MT', '', '', '', '', '', '', '', 13, 'TEKNIK MESIN', 44, 'TEKNIK MESIN', '', 'st75@unsrat.ac.id', 'a9b593f011a328934a0d376f14ec65de.jpg', '2018-03-16 06:24:01', ''),
(116, 5151, '197608152003121003', '0015087603', 'Semuel Yacob Recky Rompis', '', '', '', '', '', '', '', 14, 'TEKNIK SIPIL', 45, 'TEKNIK SIPIL', '', '', '', NULL, ''),
(117, 5152, '196301091993032001', '0009016304', 'Agnes Tekla Mandagi', '', '', '', '', '', '', '', 14, 'TEKNIK SIPIL', 45, 'TEKNIK SIPIL', '', '', '', NULL, ''),
(118, 5153, '197202021997021001', '0002027205', 'Banu Dwi Handono', '', '', '', '', '', '', '', 14, 'TEKNIK SIPIL', 45, 'TEKNIK SIPIL', '', '', '', NULL, ''),
(119, 5154, '197304172000031001', '0017047302', 'Arie S. M. Lumenta, ST, MT', 'Jurusan Teknik Elektro', '', 'Dad, teacher, civil servants', 'Computer Architecture, Computer Networks, E-Learning, Database, IoT', '6026265', '6JtdrBEAAAAJ', '57189059738', 12, 'TEKNIK ELEKTRO', 43, 'TEKNIK ELEKTRO', '', 'al@unsrat.ac.id', '3f0a6f7970a9746a14edbcf9d8084ec6.jpg', '2016-06-27 15:18:49', '197304172000031001'),
(120, 5155, '197407062001122002', '0006077403', 'Cindy Jeane Supit', '', '', '', '', '', '', '', 14, 'TEKNIK SIPIL', 45, 'TEKNIK SIPIL', '', '', '', NULL, ''),
(121, 5156, '197008242000122001', '0024087005', 'Faizah Mastutie', '', '', '', '', '', '', '', 15, 'ARSITEKTUR', 42, 'ARSITEKTUR', '', '', '', NULL, ''),
(122, 5157, '197110211997022001', '0021107102', 'Herawati Riogilang', '', '', '', '', '', '', '', 14, 'TEKNIK SIPIL', 45, 'TEKNIK SIPIL', '', '', '', NULL, ''),
(123, 5158, '197312212000121001', '0021127301', 'Raymond Ch. Tarore, ST, MT', '', '', '', '', '', '', '', 16, 'PERENCANAAN WILAYAH DAN KOTA', 42, 'ARSITEKTUR', '', '', '', '2015-07-21 02:33:25', ''),
(124, 5159, '197611032003121004', '0003117602', 'Johan Styfen Catner Neyland', '', '', '', '', '', '', '', 13, 'TEKNIK MESIN', 44, 'TEKNIK MESIN', '', 'johanneyland@gmail.com', '23c3ae047494d349a1aec429273b2cbc.jpg', '2016-06-30 00:57:43', ''),
(125, 5160, '197910252002121001', '0025107901', 'Sherwin R. U. A. Sompie, ST, MT', '', '', '', '', '', '', '', 12, 'TEKNIK ELEKTRO', 43, 'TEKNIK ELEKTRO', '', '', 'a59d935d23de58b8865abe84ad30a2b4.jpg', '2015-07-21 02:40:19', ''),
(126, 5161, '196802121998022001', '0012026805', 'Claudia S. Punuh, ST, MM', '', '', '', '', '', '', '', 15, 'ARSITEKTUR', 42, 'ARSITEKTUR', '', '', '', '2015-07-21 02:33:25', ''),
(127, 5162, '196412221997022001', '22126406', 'Meike Kumaat', '', '', '', '', '', '', '', 14, 'TEKNIK SIPIL', 45, 'TEKNIK SIPIL', '', '', '', NULL, ''),
(128, 5163, '197503112003121001', '0011037501', 'Tertius Victor Yefta Ulaan, ST, MT', '', '', '', '', '', '', '', 13, 'TEKNIK MESIN', 44, 'TEKNIK MESIN', '', 'tertiusulaan@yahoo.com', '58f39f664dfc7357d2ae148113009218.jpg', '2016-06-30 17:41:18', ''),
(129, 5164, '195511181990031001', '0018115502', 'Mochtar Sibi', '', '', '', '', '', '', '', 14, 'TEKNIK SIPIL', 45, 'TEKNIK SIPIL', '', '', '', NULL, ''),
(130, 5165, '196603311991032003', '0031036605', 'Novi Margritje Tulung, ST, MT', '', '', '', '', '', '', '', 12, 'TEKNIK ELEKTRO', 43, 'TEKNIK ELEKTRO', '', 'noviunsrat@gmail.com', '897a92e7fc65c6c4fe1a7c136c9bcffe.jpg', '2016-04-26 00:22:15', ''),
(131, 5166, '197611212003122001', '0021117602', 'Dringhuzen J. Mamahit, ST, M.Eng', '', '', '', '', '', '', '', 12, 'TEKNIK ELEKTRO', 43, 'TEKNIK ELEKTRO', '', '', 'ef1257dff386063eb9185a3625d0e4a8.jpg', '2015-07-21 02:47:30', ''),
(132, 5167, '195411241989031001', '0024115406', 'Ir. Filman Lisi, MT', '', '', '', '', '', '', '', 12, 'TEKNIK ELEKTRO', 43, 'TEKNIK ELEKTRO', '', '', '9fee199b9c7637903d559d560ca5befe.jpg', '2015-07-21 02:39:27', ''),
(133, 5168, '197011241997022001', '0024117001', 'Lucia Grace Jasmin Lalamentik', '', '', '', '', '', '', '', 14, 'TEKNIK SIPIL', 45, 'TEKNIK SIPIL', '', '', '', NULL, ''),
(134, 5169, '196312261993031002', '0026126303', 'Jantje Bernhard Mangare', '', '', '', '', '', '', '', 14, 'TEKNIK SIPIL', 45, 'TEKNIK SIPIL', '', '', '', NULL, ''),
(135, 5170, '196106191993101001', '0019066106', 'Ir. Revo Lanny Inkiriwang, MT', '', '', '', '', '', '', '', 14, 'TEKNIK SIPIL', 45, 'TEKNIK SIPIL', '', '', '', NULL, ''),
(136, 5171, '197408012005011002', '0001087403', 'Alvin J. Tinangon, ST, MT', '', '', '', '', '', '', '', 15, 'ARSITEKTUR', 42, 'ARSITEKTUR', '', '', '', '2015-07-21 02:33:25', ''),
(137, 5172, '197109062002122001', '0006097106', 'Cynthia Erlita Virgin Wuisang', '', '', '', '', '', '', '', 16, 'PERENCANAAN WILAYAH DAN KOTA', 42, 'ARSITEKTUR', '', '', '', NULL, ''),
(138, 5173, '196406131997021001', '0013066403', 'Janny Olny Wuwung, ST, MT', '', '', '', '', '', '', '', 12, 'TEKNIK ELEKTRO', 43, 'TEKNIK ELEKTRO', '', 'jannywuwung@gmail.com', '829b0a849466234653733b05f706d3c9.jpg', '2017-04-13 02:46:44', ''),
(139, 5469, '197405172000032001', '0017057404', 'Fella Warouw, ST, M.Eng, PhD', '', '', '', '', '', '', '', 16, 'PERENCANAAN WILAYAH DAN KOTA', 42, 'ARSITEKTUR', '', 'felawarouw@gmail.com', '', '2016-06-28 08:21:57', ''),
(140, 5470, '196707131998021001', '0013076702', 'Esly D. Takumansang, ST, MT', '', '', '', '', '', '', '', 16, 'PERENCANAAN WILAYAH DAN KOTA', 42, 'ARSITEKTUR', '', '', '', '2015-07-21 02:33:25', ''),
(141, 5471, '198006172002122002', '0017068002', 'Adriana Nanow Everce Ticoalu', '', '', '', '', '', '', '', 14, 'TEKNIK SIPIL', 45, 'TEKNIK SIPIL', '', '', '', NULL, ''),
(142, 5473, '197403272002121002', '0027037405', 'Glanny M. Ch. Mangindaan, ST., MT.,Ph.D.', '', '', '', '', '', '', '', 12, 'TEKNIK ELEKTRO', 43, 'TEKNIK ELEKTRO', '', 'glanny_m@unsrat.ac.id', '9fd81356d718b02c348fbf2b36773cf7.jpg', '2017-01-27 03:09:23', ''),
(143, 5474, '197201012000121001', '0001017202', 'Yan Tondok, ST, MT', '', '', '', '', '', '', '', 13, 'TEKNIK MESIN', 44, 'TEKNIK MESIN', '', '', '', '2015-07-21 02:33:25', ''),
(144, 5475, '197502092005011002', '0009027504', 'Johansen C. Mandey,ST., MArs.', '', '', '', '', '', '', '', 15, 'ARSITEKTUR', 42, 'ARSITEKTUR', '', '', '', '2016-05-24 09:03:12', ''),
(145, 5477, '197808212009121003', '0021087806', 'Stanley David Sualang Karouw, ST, MTI', '', '', '', '', '', '', '', 77, 'INFORMATIKA', 43, 'TEKNIK ELEKTRO', '', 'stanley.karouw@unsrat.ac.id', '515ea2f732cc86ce295c0ae88c3cc5d7.jpg', '2015-07-21 02:35:23', ''),
(146, 5478, '198608142009122007', '0014088601', 'Kartika Harlesi Tanudjaja', '', '', '', '', '', '', '', 77, 'INFORMATIKA', 43, 'TEKNIK ELEKTRO', '', '', '', NULL, ''),
(147, 5479, '198012092008011004', '0009128003', 'Jimmy Reagen Robot, ST, M.Kom', '', '', '', '', '', '', '', 77, 'INFORMATIKA', 43, 'TEKNIK ELEKTRO', '', '', '88acd6c8234184726fe17f0df0042423.jpg', '2015-07-21 02:41:28', ''),
(148, 5480, '196205211991031002', '0021056204', 'George Moningka', '', '', '', '', '', '', '', 14, 'TEKNIK SIPIL', 45, 'TEKNIK SIPIL', '', '', '', NULL, ''),
(149, 5481, '197409292001122003', '0029097402', 'Steeva G. Rondonuwu', '', '', '', '', '', '', '', 14, 'TEKNIK SIPIL', 45, 'TEKNIK SIPIL', '', '', '', NULL, ''),
(150, 5482, '197501122008122001', '0012017505', 'Nancy Jeane Tuturoong, ST, M.Kom', '', '', '', '', '', '', '', 77, 'INFORMATIKA', 43, 'TEKNIK ELEKTRO', '', '', 'f67f413fa17175df3cd572b44ea4c48d.jpg', '2015-07-21 02:41:16', ''),
(151, 5483, '197405042005011001', '0004057403', 'Hendra Riogilang', '', '', '', '', '', '', '', 14, 'TEKNIK SIPIL', 45, 'TEKNIK SIPIL', '', '', '', NULL, ''),
(152, 5484, '197210072001121001', '0007107203', 'Steve Ch.N. Palenewen', '', '', '', '', '', '', '', 14, 'TEKNIK SIPIL', 45, 'TEKNIK SIPIL', '', '', '', NULL, ''),
(153, 5485, '197902202008121004', '', 'Reynold Frankie Robot, ST, M.Eng', '', '', '', '', '', '', '', 77, 'INFORMATIKA', 43, 'TEKNIK ELEKTRO', '', '', '', '2015-07-21 02:33:25', ''),
(154, 5486, '198803142012121001', '0014038801', 'Muhamad Dwisnanto Putro, ST, M.Eng', '', '', '', '', '', '', '', 77, 'INFORMATIKA', 43, 'TEKNIK ELEKTRO', '', 'dwisnantoputro@unsrat.ac.id', '08b733091c1f3adb4695d959b3bc7e22.jpg', '2016-01-13 10:37:22', ''),
(155, 5487, '198002282012121002', '0028028006', 'Pinrolinvic Manembu, ST., MT.', '', '', '', '', '', '', '', 77, 'INFORMATIKA', 43, 'TEKNIK ELEKTRO', '', 'pmanembu@gmail.com', 'f5720f350c70f386d3edd3fbb10d7c48.jpg', '2016-11-13 11:41:53', ''),
(156, 5488, '197908042014041001', '0004087908', 'Agustinus Jacobus, ST, M.Cs', '', '', '', '', '', '', '', 77, 'INFORMATIKA', 43, 'TEKNIK ELEKTRO', '', '', 'a639a50b495800bcf5278afa0853cafa.jpg', '2016-06-21 02:56:03', ''),
(157, 5489, '197309182002122001', '0018097302', 'INGERID LIDIA MONIAGA, ST, MSi', '', '', '', '', '', '', '', 16, 'PERENCANAAN WILAYAH DAN KOTA', 42, 'ARSITEKTUR', '', 'ingeridmoniaga73@gmail.com', '', '2018-03-13 07:14:35', ''),
(158, 5490, '198006112003122002', '0011068001', 'Jane Litouw, ST., MT.', '', '', '', '', '', '', '', 12, 'TEKNIK ELEKTRO', 43, 'TEKNIK ELEKTRO', '', '', '', '2016-05-24 09:04:46', ''),
(159, 5492, '198208052010122003', '0005088206', 'Leidy Magrid Rompas, ST, MT', '', '', '', '', '', '', '', 15, 'ARSITEKTUR', 42, 'ARSITEKTUR', '', '', '', '2015-07-21 02:33:25', ''),
(160, 5493, '198409062010122007', '0006098403', 'Virginia Tulenan, S.Kom, MTI', '', '', '', '', '', '', '', 77, 'INFORMATIKA', 43, 'TEKNIK ELEKTRO', '', 'virginia.tulenan@unsrat.ac.id', 'cbe26901befe36aa7f748c154ff28096.jpg', '2016-01-26 08:13:54', ''),
(161, 5494, '197711202010121002', '0020117708', 'Xaverius Najoan, ST, MT', 'Lab. Rekayasa Perangkat Lunak, JTE Fatek', '', '', 'Computer security, Mobile & Web engineering', '6106232', 'ti-u-LYAAAAJ', '56725649900', 77, 'INFORMATIKA', 43, 'TEKNIK ELEKTRO', '081340103430', 'xnajoan@unsrat.ac.id', 'd7a8ca303ef3908444c28c3306277cd8.jpg', '2016-12-24 16:00:00', ''),
(162, 5495, '197602042005011004', '0004027601', 'Benny Lokombanua Maluegha, ST, MSc', '', '', '', '', '', '', '', 13, 'TEKNIK MESIN', 44, 'TEKNIK MESIN', '', 'benny_maluegha@unsrat.ac.id', 'b3862aeb1df4591e698e64231b817436.jpg', '2016-06-28 13:18:24', ''),
(163, 5496, '197904272005011010', '0027047902', 'Roski Rolans I. Legrans', '', '', '', '', '', '', '', 14, 'TEKNIK SIPIL', 45, 'TEKNIK SIPIL', '', '', '', NULL, ''),
(164, 5497, '198105262005011002', '0026058101', 'Arthur Mourits Rumagit, ST, MT', '', '', '', '', '', '', '', 12, 'TEKNIK ELEKTRO', 43, 'TEKNIK ELEKTRO', '', '', '', '2015-07-21 02:33:25', ''),
(165, 5498, '198007092005011002', '0009078003', 'Dr. Eng. Steven R. Sentinuwo, ST., MTI', '', '', '', '', '', '', '', 77, 'INFORMATIKA', 43, 'TEKNIK ELEKTRO', '', 'steven@unsrat.ac.id', '129a587512dd046e7d770b024c070fdb.jpg', '2016-04-23 02:48:06', ''),
(166, 5499, '197509262006041001', '0026097504', 'Dr. Charles S. C. Punuhsingon, ST, MT', '', '', '', '', '', '', '', 13, 'TEKNIK MESIN', 44, 'TEKNIK MESIN', '', '', '', '2016-05-24 09:00:22', ''),
(167, 5500, '196509051995022001', '0005096515', 'Sartje Silimang, ST, MT', '', '', '', '', '', '', '', 12, 'TEKNIK ELEKTRO', 43, 'TEKNIK ELEKTRO', '', '', '90226a42057e59572747c12effcb8067.jpg', '2015-07-21 02:48:48', ''),
(168, 5650, '195910161990031001', '0016105909', 'Deane R.O. Walangitan', '', '', '', '', '', '', '', 14, 'TEKNIK SIPIL', 45, 'TEKNIK SIPIL', '', '', '', NULL, ''),
(169, 5656, '196606111997021002', '0011066605', 'HENDRIEK HANIE KARONGKONG, ST, MT', '', '', '', '', '', '', '', 15, 'ARSITEKTUR', 42, 'ARSITEKTUR', '', 'hendriek_hk@unsrat.ac.id', 'ea4da77c38325118437427aeebdba183.jpg', '2018-03-13 07:06:46', ''),
(170, 5657, '196410251997021001', '0', 'Ir. Ricky S. M. Lakat, MT', '', '', '', '', '', '', '', 15, 'ARSITEKTUR', 42, 'ARSITEKTUR', '', '', '', '2016-04-12 13:58:00', ''),
(171, 5658, '196605021999031003', '0002056607', 'Arwanto Meicky Alfius Lakat, ST., MT.', '', '', '', '', '', '', '', 13, 'TEKNIK MESIN', 44, 'TEKNIK MESIN', '', '', '', '2016-05-24 09:05:26', ''),
(172, 5660, '196607241998022001', '0024076601', 'Lanny Dian Kusuma Manaroinsong', '', '', '', '', '', '', '', 14, 'TEKNIK SIPIL', 45, 'TEKNIK SIPIL', '', '', '', NULL, ''),
(173, 5661, '196910071998031002', '0007106903', 'David Pang, ST, MT', '', '', '', '', '', '', '', 12, 'TEKNIK ELEKTRO', 43, 'TEKNIK ELEKTRO', '', '', '7daa5baa17fde2f567c73a293d2f54f9.jpg', '2015-07-21 02:47:56', ''),
(174, 5662, '195411051993032001', '0005115404', 'Sompie Diantje, M.Ch', '', '', '', '', '', '', '', 14, 'TEKNIK SIPIL', 45, 'TEKNIK SIPIL', '', '', '', NULL, ''),
(175, 5663, '198005092005011001', '0009058004', 'Andy A.M. Malik, ST, MT', '', '', '', '', '', '', '', 16, 'PERENCANAAN WILAYAH DAN KOTA', 42, 'ARSITEKTUR', '', '', '', '2015-07-21 02:33:25', ''),
(176, 5665, '197505202005011002', '0020057504', 'Jefferson Mende, ST., MT.', '', '', '', '', '', '', '', 13, 'TEKNIK MESIN', 44, 'TEKNIK MESIN', '', 'jeff_mende@unsrat.ac.id', '6d20ee6f6e0a01ef8c5ba72087cda6be.jpg', '2016-06-22 03:41:35', ''),
(177, 5666, '197209132005011003', '0001037305', 'Loudy M.B. Kalalo, ST., MSc.', '', '', '', '', '', '', '', 15, 'ARSITEKTUR', 42, 'ARSITEKTUR', '', '', '', '2016-05-24 09:00:41', ''),
(178, 5667, '198010042005011001', '0004108002', 'Oktavian Abraham Lantang, ST, MTI', '', '', '', '', '', '', '', 77, 'INFORMATIKA', 43, 'TEKNIK ELEKTRO', '', 'oktavian_lantang@unsrat.ac.id', '89457e8aedf2ebdc9c50ea224940de76.jpg', '2016-04-25 03:32:15', ''),
(179, 5668, '197410222005011003', '0022107403', 'Romels C. A. Lumintang, ST., MT.', '', '', '', '', '', '', '', 13, 'TEKNIK MESIN', 44, 'TEKNIK MESIN', '', 'cresano.r.a@gmail.com', 'e96bddc717dc0fba265074377a76eb1f.jpg', '2016-06-30 07:58:55', ''),
(180, 5669, '197712022005011002', '0002127702', 'Irvan Raymon Rondonuwu, B.Eng', '', '', '', '', '', '', '', 13, 'TEKNIK MESIN', 44, 'TEKNIK MESIN', '', '', '', '2015-07-21 02:33:25', ''),
(181, 5670, '197709292005011005', '0029097703', 'Alwin Melkie Sambul, S.T., M.Eng., Ph.D.', '', '', '', '', '', '', '', 77, 'INFORMATIKA', 43, 'TEKNIK ELEKTRO', '', 'asambul@unsrat.ac.id', '0e7082db2a72a7bbaa70b4323165c386.jpg', '2018-09-03 07:18:51', ''),
(182, 5671, '197603102005011001', '0010037601', 'Michael E. Rembet, ST, MT', '', '', '', '', '', '', '', 13, 'TEKNIK MESIN', 44, 'TEKNIK MESIN', '', 'michael_r@unsrat.ac.id', '86ba645f6d67db54081bbd76ddd128f4.jpg', '2016-06-09 02:35:27', ''),
(183, 5672, '197801122006042002', '0012017805', 'Pingkan Ane Kristy Pratasis', '', '', '', '', '', '', '', 14, 'TEKNIK SIPIL', 45, 'TEKNIK SIPIL', '', '', '', NULL, ''),
(184, 5673, '197106212002121002', '0021067104', 'Verry Lahamendu, ST', '', '', '', '', '', '', '', 16, 'PERENCANAAN WILAYAH DAN KOTA', 42, 'ARSITEKTUR', '', '', '', '2015-07-21 02:33:25', ''),
(185, 5674, '198201192006042004', '0019018204', 'Feisy Diane Kambey, ST., MT.', '', '', '', '', '', '', '', 12, 'TEKNIK ELEKTRO', 43, 'TEKNIK ELEKTRO', '', '', '', '2016-05-24 09:05:07', ''),
(186, 5675, '197507292006041001', '0029077507', 'Brave Angkasa Sugiarso, ST, MT', '', '', '', '', '', '', '', 77, 'INFORMATIKA', 43, 'TEKNIK ELEKTRO', '', 'brave@unsrat.ac.id', '', '2016-11-23 02:54:24', ''),
(187, 5676, '197809112006041004', '', 'Steven Lintong, ST', '', '', '', '', '', '', '', 15, 'ARSITEKTUR', 42, 'ARSITEKTUR', '', '', '', '2015-07-21 02:33:25', ''),
(188, 5677, '197709202006042001', '0020097703', 'Sesty Ester J. Imbar', '', '', '', '', '', '', '', 14, 'TEKNIK SIPIL', 45, 'TEKNIK SIPIL', '', '', '', NULL, ''),
(189, 5678, '197710042006042002', '0004107706', 'Sary D. E. Paturusi, ST, M.Eng', '', '', '', '', '', '', '', 77, 'INFORMATIKA', 43, 'TEKNIK ELEKTRO', '', '', '', '2015-07-21 03:12:27', ''),
(190, 5679, '197602262006042001', '0026027603', 'Amanda Sembel, ST., MT., MSc.', '', '', '', '', '', '', '', 16, 'PERENCANAAN WILAYAH DAN KOTA', 42, 'ARSITEKTUR', '', '', '', '2016-05-24 09:03:46', ''),
(191, 6926, '199002232018031001', '', 'Daniel Febrian Sengkey', '', '', '', '', '', '', '', 77, 'INFORMATIKA', 43, 'TEKNIK ELEKTRO', '', '', '', NULL, ''),
(192, 6927, '198906242018031001', '', 'Dirko Gustaafiano Setyadharmaputra Ruindungan', '', '', '', '', '', '', '', 77, 'INFORMATIKA', 43, 'TEKNIK ELEKTRO', '', '', '', NULL, ''),
(193, 5664, '197603192005011005', '0019037604', 'Maickel Tuegeh, ST, MT', '', '', '', '', '', '', '', 12, 'TEKNIK ELEKTRO', 43, 'TEKNIK ELEKTRO', '', '', '', '2018-09-07 15:14:54', ''),
(194, 4574, '196509241993031003', '0019037604', 'Ir. Isri Ronald Mangangka, M.Eng., Ph.D.', '', '', '', '', '', '', '', 14, 'TEKNIK SIPIL', 45, 'TEKNIK SIPIL', '', 'isri.mangangka@unsrat.ac.id', '26b3f1974d7b2f6cb19504868903c7f5.jpg', '2018-09-07 15:19:18', ''),
(195, 5476, '196503271995121001', '0027036506', 'Ir. Abdul Haris Ontowirjo, MT.', '', '', '', '', '', '', '', 12, 'TEKNIK ELEKTRO', 43, 'TEKNIK ELEKTRO', '', '', '', '2018-09-07 15:28:13', '');

-- --------------------------------------------------------

--
-- Table structure for table `ft_judul`
--

CREATE TABLE `ft_judul` (
  `judulId` int(11) NOT NULL,
  `judulTa` varchar(255) NOT NULL,
  `judulKeyword` text NOT NULL,
  `judulDsnPengusul` varchar(100) NOT NULL,
  `judulLabstudioId` smallint(6) DEFAULT NULL,
  `judulKodeProdi` smallint(6) NOT NULL,
  `judulTglUsul` date NOT NULL,
  `judulStatus` enum('Available','On proposed','Not Available') NOT NULL DEFAULT 'Available',
  `tglUpdate` timestamp NULL DEFAULT NULL ON UPDATE CURRENT_TIMESTAMP,
  `userUpdate` varchar(50) NOT NULL
) ENGINE=InnoDB DEFAULT CHARSET=latin1;

-- --------------------------------------------------------

--
-- Table structure for table `ft_publikasi`
--

CREATE TABLE `ft_publikasi` (
  `publikasiId` int(11) NOT NULL,
  `dosenNip` varchar(25) NOT NULL,
  `judul` mediumtext NOT NULL,
  `di` mediumtext NOT NULL,
  `tempat` varchar(100) NOT NULL,
  `tahun` year(4) NOT NULL
) ENGINE=MyISAM DEFAULT CHARSET=latin1;

--
-- Dumping data for table `ft_publikasi`
--

INSERT INTO `ft_publikasi` (`publikasiId`, `dosenNip`, `judul`, `di`, `tempat`, `tahun`) VALUES
(1, '197808212009121003', 'Studi Tinjauan Perbandingan KIPI dan CMMI sebagai Kerangka Kerja Kematangan Industri Perangkat Lunak', 'TEKNO Volume 07 No.54', '', 2010),
(2, '197808212009121003', 'Analisa dan Perancangan Aplikasi Dormitory Management berbasis Web dengan Menggunakan Metode USDP', 'TEKNO Volume 09/No.57/Desember 2011', '', 2011),
(3, '197808212009121003', 'Perencanaan Strategis SI/TI berbasis Manfaat Bisnis dengan menggunakan Metodologi Be Vissta Planning Studi Kasus: Dinas Pendapatan Daerah Provinsi Sulawesi Utara', 'TEKNO Volume 09/No.57/Desember 2011', '', 2011),
(4, '197808212009121003', 'Analisa dan Perancangan Aplikasi Portal Web Kantor Sinode Gereja Masehi Injili di Minahasa (GMIM)', 'Prosiding Seminar Nasional Dies Natalis ke-48 Fakultas Teknik Universitas Sam Ratulangi', '', 2012),
(5, '197808212009121003', 'Quantifying IT Business Value: Case Study of North Sulawesi Province, Indonesia(Link)', 'Proceedings 2012 International Conference on Advanced Computer Science and Information Systems - ICACSIS', 'Jakarta, Indonesia', 2012),
(6, '197808212009121003', 'Analysis and Design Web Portal Amazing North Sulawesi using Agile Unified Process Methodology', 'Prosiding Seminar Nasional Teknologi Informasi (SNTI) IX 2012, ISSN: 1829-9156, Vol. 9 No.1', 'Jakarta', 2012),
(7, '198409062010122007', 'Service Oriented Architecture Blueprint', 'Proceedings of International Conference on Advanced Computer Science and Information Systems, pg.149-154, ISSN:2086-1796', 'Universitas Indonesia', 2009),
(8, '198409062010122007', 'Enhancing Learning Experience For Young Child Through Educational Content Using Multimedia', 'Prosiding Konferensi Nasional Sistem Informasi', 'Makasar', 2014),
(9, '198409062010122007', 'Development of Decision Support System for Manado\'s BAPERJAKAT using DAD and AHP', 'Proceedings of International Conference on Wireless and Telematics', 'Manado', 2016),
(10, '198002282012121002', 'IntelligEnsia For energy Sustainability Case Study : Indonesia', 'European Modelling Symposium (EMS), IEEE 2013', 'Manchester, England', 2013),
(11, '198002282012121002', 'Missing Data Solution of Electricity Consumption based on Lagrange Interpolation Case Study Intelligensia Data', 'The 5th International Conference on Electrical Engineering and Informatics 2015', 'Bali, Indonesia', 2015),
(12, '198002282012121002', 'Penentuan Jalur Alternatif Terdekat Trayek  01/02 Angkutan Umum di Kota Manado dengan Algoritma Greedy', 'Jurnal  Ilmiah Badan Diklat Provinsi Sulawesi Utara', 'Manado, Indonesia', 2014),
(75, '198002282012121002', 'MIMO System Data  Modelling  Based on  Adaptive Linear Neuron  Algorithm', 'ICWT 2015', 'Manado, Indonesia', 2015),
(73, '198002282012121002', 'Prediction Analytics of Electricity Consumption  using IntelligEnSia Smart-meter System', 'NBISC 2016', 'Helsinki, Finland', 2016),
(76, '198002282012121002', 'Radio Frequency Identification dengan Akses Multi-Level Berbasis Web', 'Seminar Nasional FATEK UNSRAT 2016', 'Manado, Indonesia', 2016),
(17, '198002282012121002', 'Monitoring and Controlling Green House Application   Case Study: Tomato Plant', 'ICWT 2015', 'Manado, Indonesia', 2015),
(15, '198002282012121002', 'Aplikasi Simulasi Body Mass Index Berbasis WEB Menggunakan Metode Fuzzy Logic', 'Seminar Nasinal Riset dan Teknologi Terapan Unika Widya Mandala Surabaya', 'Surabaya, Indonesia', 2015),
(18, '198002282012121002', 'Air Pollution Detection Application using Microcontroller', 'ICWT 2015', 'Manado, Indonesia', 2015),
(19, '198002282012121002', 'SISTEM LAMPU LALU LINTAS DENGAN LOGIKA KELABU', 'Jurnal RealTech UNIKA De La Salle Manado', 'Manado, Indonesia', 2012),
(20, '198002282012121002', 'Pemanfaatan Limbah Ternak Untuk Biogas', 'Workshop SEDS Canada  2014 Humber Institute of Technologi and Advance Learning', 'Manado, Indonesia', 2014),
(21, '198002282012121002', 'Robotika Sebagai Media Edukasi Anak', 'Suara Pembaca Harian Tribun Manado', 'Manado, Indonesia', 2013),
(22, '195905131985021001', 'Biology Agriculture and Healthcare', 'International Institute For Science,Technology and Education', 'IISTE US Office', 2013),
(23, '197403272002121002', 'Kendali Dynamic Voltage Restorer Menggunakan Jaring Saraf Tiruan Counterpropagation', 'SNATI', 'UII Jogyakarta', 2008),
(24, '197403272002121002', 'Kendali Fuzzy Logic untuk Dynamic Voltage Restorer', 'SNPs VIII 2008', 'ITS Surabaya', 2008),
(25, '197403272002121002', 'Control of Dynamic Voltage Restorer for Voltage Sag Mitigation', 'ICTS', 'ITS Surabaya', 2008),
(26, '197403272002121002', 'A New Simplified Sensorless Speed Control of Induction Motor Using D-axis Voltage', 'Proceeding of The International Conference on Electrical Machines and Systems (ICEMS), No. LS4B-1, pp.1-6 (2012.10)', 'Hokkaido Japan', 2012),
(27, '197403272002121002', 'Stability Study of a Permanent Magnet Synchronous Motor Sensorless Vector Control System Based on Extended EMF Mode', 'IEEJ Journal of Industry Applications, Vol.1, No. 3, pp.148-154 (2012.11)', '', 2012),
(28, '197403272002121002', 'Transient Characteristics of a New Simplified Speed Sensorless Vector Control for Induction Motors', 'Proceeding of The International Conference on Electrical Machines and Systems (ICEMS), No. IMD-0245, pp.2018-2023 (2013.10)', 'South Korea', 2013),
(29, '197403272002121002', 'A Simplified Speed-Sensorless Vector Control of Induction Motor', 'IEEJ Journal of Industry Applications, Vol.3, No. 2, pp. (2014.3)', '', 2013),
(30, '197403272002121002', 'Stability Comparison of New Simplified Speed Sensorless Vector Control Systems for Induction Motors', 'Journal of International Conference on Electrical Machines and Systems, Vol. 3, No. 2, pp.126-131 (2014.6)', '', 2014),
(31, '197403272002121002', 'Design and Implementation of Programming on Electrical Power System as an E-learning Subject Course at University of Sam Ratulangi Indonesia', 'IEICE 2016', 'Japan', 2016),
(32, '196506031990031003', 'May We Obtain Thermal Comfort with Passive and Low Energy Building? Study of Thermal Comfort in Humid Tropical Classroom', 'CLIMA 2013 - 11th REHVA World Congress and the 8th International Conference on Indoor Air Quality, Ventilation and Energy Conservation in Buildings, 16. - 19. 6. 2013', 'Prague Congress Centre, Czech Republic', 2013),
(33, '196506031990031003', 'Investigation of Thermal Comfort in a Passive and Low Energy Classroom Building. From Gender\'s Point of View', 'Indoor air 2014. The 13th International Conference on Indoor Air Quality and Climate, July 7  12, 2014,', 'Hong Kong', 2014),
(34, '196506031990031003', 'Design of Smart Shading Device for Buildings in a Tropical Humid Climate', '31th International Passive and Low Energy Architecture (PLEA) Conference, 9-11 September 2015', 'Bologna Italy', 2015),
(35, '196506031990031003', 'Natural Ventilation: From Computational Fluid Dynamics, To Artificial Neural Networks, For Thermal Comfort', 'ISBN 978-979-17509-1-2', 'Sam Ratulangi University Press', 2010),
(36, '196506031990031003', 'Manados Coastal Line Area Development, A Concept of Urban Design and Environmental Management of Water Front City', 'The 7th International Seminar on Sustainable Environment and Architecture, 20-21 November 2006', 'Hasanuddin University Makassar', 2006),
(37, '196506031990031003', 'Indirect Evaporative Cooling for Thermal Comfort in Buildings in a Humid Tropical Climate', 'International Joint-Conference of SENVAR-iNTA-AVAN 2015: Wisdom of the Tropics: Past, Present and Future', 'Universiti Teknologi Malaysia, Johor Bahru', 2015),
(38, '196506031990031003', 'Applicability of Design Elements and Passive Design for Comfort Ventilation', 'The 2nd International Networks for Tropical Architecture (iNTA) Conference, 3-5 April 2006', 'Yogyakarta', 2006),
(39, '196506031990031003', 'The Effects of Surrounding Buildings on Wind-Induced Air Motion in Multi Storey Building', 'The 6th International Seminar on Sustainable Environment and Architecture, 19-20 September 2005', 'ITB, Bandung', 2005),
(40, '196506031990031003', 'Investigasi Pola Aliran Udara dalam bangunan Bertingkat Akibat pengaruh Penghalang di depan dan di Belakangnya', 'Jurnal Dimensi Teknik Arsitektur, vol.33, no.1 Desember 2005', 'Universitas Kristen Petra Surabaya', 2005),
(41, '196506031990031003', 'Pengaruh Tipe Jendela Terhadap Pola Aliran Udara Dalam Ruang', 'Jurnal Dimensi Teknik Arsitektur, vol.31, no.1, Juli 2003', 'Universitas Kristen Petra Surabaya', 2003),
(42, '196506031990031003', 'Studi Aliran Udara dengan Metode Gas Dalam Jaringan (Lattice Gas Method)', 'Jurnal Dimensi Teknik Arsitektur, vol.30, no.2 Desember 2002', 'Universitas Kristen Petra Surabaya', 2002),
(43, '196506031990031003', 'Aplikasi Jaringan Saraf Tiruan untuk Perancangan Ventilasi Optimal pada Bangunan di Iklim Tropis Lembab', 'Jurnal Dimensi Teknik Arsitektur, vol.29, no.1 Juli 2001', 'Universitas Kristen Petra Surabaya', 2001),
(44, '196506031990031003', 'Contribution  ltude des coefficient de vitesse  laide de rseaux de neurons  Application  lcoulement de lair dans les btiments pour le confort thermique en climat tropical humide', 'Thse de Docteur, INSA de Lyon', 'INSA de Lyon', 1997),
(45, '196506031990031003', 'Window and Roof Configurations for Comfort Ventilation', 'Int. Journal of Building Research and Information 1997, vol.25, no.4, p.215-225', 'UK', 1997),
(46, '196506031990031003', 'Using Artificial Neural Networks to Predict the Interior Velocity Coefficients', 'Int. Journal of Building and Environment, 1997, vol.323, no.4, p.295-303', 'Elsevier', 1997),
(47, '196506031990031003', 'Application aux ecoulement de lair dans les batiments', 'Revue Generale de Thermique, 1997, vol.36, no.3, p.180-191', 'Elsevier', 1997),
(48, '196506031990031003', 'Effects of Roof Shapes on Wind-Induced Air Motion Inside Buildings', 'Int. Journal of Building and Environment, 1997, vol.32, no.1, p.1-11', 'Elsevier', 1997),
(49, '196506031990031003', 'Artificial Neural Networks and Naturally Ventilated Buildings', 'Int. Journal of Building Research and Information, 1996, vol.24, p. 203-208', 'UK', 1996),
(50, '196506031990031003', 'Investigation of Natural Ventilation with Computational Fluid Dynamics. A Comparison Study with Wind Tunnel Results', 'Architectural Science Review, 1996, vol. 39, no.2, p.113-120', 'University of Sydney Australia', 1996),
(51, '196506031990031003', 'Coefficient de Vitesse en Btiments Large Ouverture sur lExteriuer', 'Memoire de DEA, INSA de Lyon', 'INSA de Lyon France', 1993),
(52, '197509152000031002', 'Application of Grey Model for Machine Degradation Prognostics', 'Journal of Mechanical Science and Technology', '', 2011),
(53, '197908042014041001', 'Network packet data online processing for intrusion detection system', '2015 1st International Conference on Wireless and Telematics (ICWT)', 'Manado Indonesia', 2015),
(54, '197602042005011004', 'Penentuan Beban Pendinginan AC pada Ruangan Maengket Hall di Hotel Sahid Kawanua Manado', 'TEKNO (vol. 05/no. 43/April 2007, ISSN 0212-9617)', 'Fakultas Teknik UNSRAT Manado', 2007),
(55, '197602042005011004', 'Characteristics of a Solar Cell', 'TEKNO (vol. 09/no. 55/April 2011, ISSN 0212-9617)', 'Fakultas Teknik UNSRAT Manado', 2011),
(56, '197602042005011004', 'Determination of the Efficiency of a Solar Air Collector', 'TEKNO (vol. 09/no. 55/April 2011, ISSN 0212-9617)', 'Fakultas Teknik UNSRAT Manado', 2011),
(57, '197602042005011004', 'Geothermal Energy in Lahendong, North Sulawesi, Indonesia', 'Lambert Academic Publishing', 'Jerman', 2011),
(58, '197602042005011004', 'Solar Cooker', 'TEKNO (vol. 09/no. 57/Desember 2011, ISSN 0212-9617)', 'Fakultas Teknik UNSRAT Manado', 2011),
(59, '197602042005011004', 'Constructing an Automatic Weather Station', 'TEKNO (vol. 09/no. 57/Desember 2011, ISSN 0212-9617)', 'Fakultas Teknik UNSRAT Manado', 2011),
(60, '197602042005011004', 'Biogas Generation and Water Heating Test', 'TEKNO (vol. 10/no. 58/April 2012, ISSN 0212-9617)', 'Fakultas Teknik UNSRAT Manado', 2012),
(61, '197602042005011004', 'Perbandingan Laju Produksi Kondensat pada Mesin Pendingin Unit SN 1016-10149011 Antara yang Menggunakan Refrigeran CFC-R12 dengan Refrigeran Musicool-MC12', 'TEKNO MESIN (vol. 1/no. 1/Juni 2014, ISSN 2355-9721)', 'Jurusan Teknik Mesin FATEK UNSRAT Manado', 2014),
(62, '197602042005011004', 'Pyranometer Calibration', 'TEKNO MESIN (vol. 1/no. 2/Oktober 2014, ISSN 2355-9721)', 'Jurusan Teknik Mesin FATEK UNSRAT Manado', 2014),
(63, '197602042005011004', 'Determination of the Efficiency Curve for a Small Inverter', 'TEKNO MESIN (vol. 2/no. 1/Juni 2015, ISSN 2355-9721)', 'Jurusan Teknik Mesin FATEK UNSRAT Manado', 2015),
(64, '197602042005011004', 'Pengaruh tinggi Level Uap Air Panas Terhadap Proses Pengeringan Gabah', 'TEKNO MESIN (vol. 2/no. 2/Oktober 2015, ISSN 2355-9721)', 'Jurusan Teknik Mesin FATEK UNSRAT Manado', 2015),
(65, '197602042005011004', 'Uji Model Turbin Jenis Pelton Untuk Menentukan Daya Head dan Kapasitas Prototipe Turbin Pelton pada Desa Berair Terjun Pinaras di Minahasa', 'TEKNO MESIN (vol. 2/no. 3/Februari 2016, ISSN 2355-9721)', 'Jurusan Teknik Mesin FATEK UNSRAT Manado', 2016),
(66, '197503112003121001', 'Pengaruh Peningkatan Bilangan Reynold dan Jarak Penghalang Kapsul Terhadap Penguatan Vortex pada Saluran Berpenampang Segiempat', 'Jurnal Tekno Mesin', 'Teknik Mesin Unsrat Manado', 2014),
(67, '197503112003121001', 'Studi tentang Pengaruh Peningkatan Bilangan Reynold dan Variasi Jarak Penghalang terhadap Kenaikan Tinggi Tekanan yang Dihasilkan Sebelum dan Sesudah Melewati Penghalang', 'Jurnal Tekno Mesin', 'Teknik Mesin Unsrat Manado', 2014),
(68, '197503112003121001', 'Perbandingan Kadar Air Gabah Pada Proses Pengeringan Gabah Antara Alat Pengering Yang Menggunakan Penutup dan Tanpa Penutup Dengan Fluida Kerja Air Panas', 'Jurnal Tekno Mesin', 'Teknik Mesin Unsrat Manado', 2015),
(69, '197503112003121001', 'Pengaruh Tinggi Level Uap Air Panas Terhadap Proses Pengeringan Gabah', 'Jurnal Tekno Mesin', 'Teknik Mesin Unsrat Manado', 2015),
(70, '197503112003121001', 'Uji Model Turbin Jenis Pelton Untuk Menentukan Daya Head dan Kapasitas Prototipe Turbin Pelton Pada Desa Berair Terjun Pinaras di Minahasa', 'Jurnal Tekno Mesin', 'Teknik Mesin Unsrat Manado', 2016),
(71, '198002282012121002', 'Sistem Pengamanan Pintu Jamak dengan RFID Sensor berbasis Web', 'Jurnal Elektro, Vol 8 No.2', 'Unika Atma Jaya Jakarta', 2015),
(74, '198002282012121002', 'Factors Influencing Electricity Demand : a Case of Jakarta, Indonesia', 'NBISC 2016', 'Helsinki, Finland', 2016),
(77, '198002282012121002', 'Pemodelan Data Konsumsi Listrik melalui IntelligEnSia Smart-meter Sistem', 'Seminar Nasional Keteknikkan  2016', 'Manado, Indonesia', 2016),
(78, '198002282012121002', 'Komunikasi Data IntelligEnSia Smart-Meter SistemNew Generation', 'Seminar Nasional Keteknikkan  2016', 'Manado, Indonesia', 2016),
(79, '198002282012121002', 'Sistem Keamanan dan Billing Pintu Rumah Kost Menggunakan Near Field Communication berbasis web : solusi wireless', 'Seminar Nasional Keteknikkan  2016', 'Manado, Indonesia', 2016),
(80, '197507292006041001', 'Komputasi Grid Berbasiskan GRIA (grid Recources For Industrial Application)', 'Malang', 'Universitas Brawijaya malang', 2012),
(81, '197403272002121002', 'Student Perceptions of Virtual Programming Lab on ELearning Class at University of Sam Ratulangi', 'ICTS 2016', 'Surabaya', 2016),
(82, '196506031990031003', 'Cooling Performance of Spraying Water Automatically on the Roof Surface for Thermal Comfort in Buildings in Manado', '11th International Symposium on Architectural Interchanges in Asia (ISAIA 2016)', 'Tohoku University, Sendai, Japan', 2016),
(83, '196506031990031003', 'Design of Evaporative-Cooling Roof for Decreasing Air Temperatures in Buildings in the Humid Tropics', 'the 5th Engineering International Conference', 'UNNES Semarang', 2016),
(95, '198002282012121002', 'A Novel Smart Meter Controlling System with Dynamic IP Addresses', 'Proceeding of The 26th IEEE International Symposium on Industrial Electronics, pages: 1465-1470, 2017, Presented at: 26th IEEE International Symposium on Industrial Electronics (ISIE),', 'Edingburg, UK', 2017),
(96, '198002282012121002', 'Modeling of electricity consumption in one of the Asias most populous cities  Jakarta, Indonesia', 'The 12th SDEWES Conference on Sustainable Development of Energy, Water and Environment Systems', 'Dubrovnik, Croatia', 2017),
(97, '196509241993031003', 'Performance characterisation of a constructed wetland', 'Water Science and Technology,  Vol. 68/, No. 10', '', 2013),
(98, '196509241993031003', 'Performance characterisation of a stormwater treatment bioretention basin', 'Journal of Environmental Management, Vol. 150', '', 2015),
(99, '196509241993031003', 'Sectional analysis of stormwater treatment performance of a constructed wetland', 'Ecological Engineering, Vol. 77', '', 2015),
(100, '196509241993031003', 'The Decline of Soil Infiltration Capacity Due To High Elevation Groundwater', 'Civil Engineering Dimension, Vol. 10, No. 1', '', 2008),
(101, '196509241993031003', 'Modelling the Hydraulic Processes on Constructed Stormwater Wetland', 'Civil Engineering Dimension, Vol. 19, No. 1', '', 2017),
(102, '196509241993031003', 'Understanding treatment characteristics of constructed stormwater wetlands', 'The 34th Hydrology and Water Resources Symposium (HWRS 2012), Sydney - Australia', 'Sydney Australia', 2012),
(103, '196509241993031003', 'Analysis of Treatment performance of constructed stormwater wetland with utilising a simplified conceptual model', 'The International Conference on Environmentally Friendly Civil Engineering Construction and Materials (EFCECM 2014), Manado - Indonesia', 'Manado - Indonesia', 2014),
(104, '196509241993031003', 'Understanding the Hydrologic and Hydraulic Factors which Influence the Treatment Performance of Bioretention Basin', 'The Second International Conference on Sustainable Infrastructure and Built Environment (SIBE 2013)', 'Bandung - Indonesia', 2013),
(105, '196509241993031003', 'Simplified Hydraulic Conceptual Model for Stormwater Treatment Bioretention Basin', 'The Sriwijaya International Conference on Engineering, Science and Technology (SICEST 2016)', 'Pangkal Pinang - Indonesia', 2016),
(106, '196509241993031003', 'Performance characterisation of a constructed wetland', 'Water Science and Technology,  Vol. 68/, No. 10', '', 2013),
(107, '196509241993031003', 'Performance characterisation of a stormwater treatment bioretention basin', 'Journal of Environmental Management, Vol. 150', '', 2015),
(108, '196509241993031003', 'Sectional analysis of stormwater treatment performance of a constructed wetland', 'Ecological Engineering, Vol. 77', '', 2015),
(109, '196509241993031003', 'The Decline of Soil Infiltration Capacity Due To High Elevation Groundwater', 'Civil Engineering Dimension, Vol. 10, No. 1', '', 2008),
(110, '196509241993031003', 'Modelling the Hydraulic Processes on Constructed Stormwater Wetland', 'Civil Engineering Dimension, Vol. 19, No. 1', '', 2017),
(111, '196509241993031003', 'Understanding treatment characteristics of constructed stormwater wetlands', 'The 34th Hydrology and Water Resources Symposium (HWRS 2012), Sydney - Australia', 'Sydney Australia', 2012),
(112, '196509241993031003', 'Analysis of Treatment performance of constructed stormwater wetland with utilising a simplified conceptual model', 'The International Conference on Environmentally Friendly Civil Engineering Construction and Materials (EFCECM 2014), Manado - Indonesia', 'Manado - Indonesia', 2014),
(113, '196509241993031003', 'Understanding the Hydrologic and Hydraulic Factors which Influence the Treatment Performance of Bioretention Basin', 'The Second International Conference on Sustainable Infrastructure and Built Environment (SIBE 2013)', 'Bandung - Indonesia', 2013),
(114, '196509241993031003', 'Simplified Hydraulic Conceptual Model for Stormwater Treatment Bioretention Basin', 'The Sriwijaya International Conference on Engineering, Science and Technology (SICEST 2016)', 'Pangkal Pinang - Indonesia', 2016);

-- --------------------------------------------------------

--
-- Table structure for table `ref_docgroup`
--

CREATE TABLE `ref_docgroup` (
  `docgroupId` int(4) NOT NULL,
  `docgroupJenisDoc` varchar(255) NOT NULL,
  `tglUpdate` timestamp NULL DEFAULT NULL ON UPDATE CURRENT_TIMESTAMP,
  `userUpdate` varchar(50) NOT NULL
) ENGINE=InnoDB DEFAULT CHARSET=latin1;

--
-- Dumping data for table `ref_docgroup`
--

INSERT INTO `ref_docgroup` (`docgroupId`, `docgroupJenisDoc`, `tglUpdate`, `userUpdate`) VALUES
(1, 'Pendidikan & Pengajaran', NULL, ''),
(2, 'Penelitian', NULL, ''),
(3, 'Pengabdian Masyarakat', NULL, ''),
(4, 'Penunjang', NULL, ''),
(5, 'Ijazah', NULL, ''),
(6, 'SK Pangkat / Fungsional', NULL, '');

-- --------------------------------------------------------

--
-- Table structure for table `ref_labstudio`
--

CREATE TABLE `ref_labstudio` (
  `labstudioId` int(11) NOT NULL,
  `labstudioNama` varchar(100) NOT NULL,
  `labstudioJurKode` smallint(6) NOT NULL,
  `tglUpdate` timestamp NULL DEFAULT NULL ON UPDATE CURRENT_TIMESTAMP,
  `userUpdate` varchar(50) NOT NULL
) ENGINE=InnoDB DEFAULT CHARSET=latin1;

--
-- Dumping data for table `ref_labstudio`
--

INSERT INTO `ref_labstudio` (`labstudioId`, `labstudioNama`, `labstudioJurKode`, `tglUpdate`, `userUpdate`) VALUES
(1, 'Laboratorium Tenaga Listrik', 43, NULL, ''),
(2, 'Laboratorium Sistem Komputer', 43, NULL, ''),
(3, 'Laboratorium Elektronika', 43, NULL, ''),
(4, 'Laboratorium Teknik Kendali', 43, NULL, ''),
(5, 'Laboratorium Teknologi Informasi dan Komunikasi', 43, NULL, ''),
(6, 'Laboratorium Rekayasa Perangkat Lunak', 43, NULL, ''),
(7, 'Laboratorium Multimedia Dan Grafika Komputer', 43, NULL, ''),
(8, 'Laboratorium Basis Data', 43, NULL, '');

-- --------------------------------------------------------

--
-- Table structure for table `x_user`
--

CREATE TABLE `x_user` (
  `userId` int(11) NOT NULL,
  `nama` varchar(50) NOT NULL,
  `username` varchar(30) NOT NULL,
  `password` varchar(255) NOT NULL,
  `grup` enum('admin','fakultas','wd','jurusan','prodi','lab/studio') NOT NULL,
  `namaUnit` varchar(100) NOT NULL,
  `kodeUnit` smallint(6) DEFAULT NULL,
  `lastLogin` datetime DEFAULT NULL,
  `tglUpdate` timestamp NULL DEFAULT NULL ON UPDATE CURRENT_TIMESTAMP,
  `userUpdate` varchar(50) NOT NULL
) ENGINE=InnoDB DEFAULT CHARSET=latin1;

--
-- Indexes for dumped tables
--

--
-- Indexes for table `ft_dokumen`
--
ALTER TABLE `ft_dokumen`
  ADD PRIMARY KEY (`dokumenId`),
  ADD UNIQUE KEY `idDokumen` (`dokumenId`,`dokumenDocgroupId`),
  ADD KEY `idDocGroup` (`dokumenDocgroupId`);

--
-- Indexes for table `ft_dokumen_user`
--
ALTER TABLE `ft_dokumen_user`
  ADD KEY `trxdokumenuser_fk1` (`dokumenId`);

--
-- Indexes for table `ft_dosen`
--
ALTER TABLE `ft_dosen`
  ADD PRIMARY KEY (`dosenId`);

--
-- Indexes for table `ft_judul`
--
ALTER TABLE `ft_judul`
  ADD PRIMARY KEY (`judulId`);

--
-- Indexes for table `ft_publikasi`
--
ALTER TABLE `ft_publikasi`
  ADD PRIMARY KEY (`publikasiId`);

--
-- Indexes for table `ref_docgroup`
--
ALTER TABLE `ref_docgroup`
  ADD PRIMARY KEY (`docgroupId`);

--
-- Indexes for table `ref_labstudio`
--
ALTER TABLE `ref_labstudio`
  ADD PRIMARY KEY (`labstudioId`);

--
-- Indexes for table `x_user`
--
ALTER TABLE `x_user`
  ADD PRIMARY KEY (`userId`);

--
-- AUTO_INCREMENT for dumped tables
--

--
-- AUTO_INCREMENT for table `ft_dokumen`
--
ALTER TABLE `ft_dokumen`
  MODIFY `dokumenId` int(11) NOT NULL AUTO_INCREMENT, AUTO_INCREMENT=578;

--
-- AUTO_INCREMENT for table `ft_dosen`
--
ALTER TABLE `ft_dosen`
  MODIFY `dosenId` int(11) NOT NULL AUTO_INCREMENT, AUTO_INCREMENT=196;

--
-- AUTO_INCREMENT for table `ft_judul`
--
ALTER TABLE `ft_judul`
  MODIFY `judulId` int(11) NOT NULL AUTO_INCREMENT;

--
-- AUTO_INCREMENT for table `ft_publikasi`
--
ALTER TABLE `ft_publikasi`
  MODIFY `publikasiId` int(11) NOT NULL AUTO_INCREMENT, AUTO_INCREMENT=115;

--
-- AUTO_INCREMENT for table `ref_docgroup`
--
ALTER TABLE `ref_docgroup`
  MODIFY `docgroupId` int(4) NOT NULL AUTO_INCREMENT, AUTO_INCREMENT=7;

--
-- AUTO_INCREMENT for table `ref_labstudio`
--
ALTER TABLE `ref_labstudio`
  MODIFY `labstudioId` int(11) NOT NULL AUTO_INCREMENT, AUTO_INCREMENT=9;

--
-- AUTO_INCREMENT for table `x_user`
--
ALTER TABLE `x_user`
  MODIFY `userId` int(11) NOT NULL AUTO_INCREMENT, AUTO_INCREMENT=8;
COMMIT;

/*!40101 SET CHARACTER_SET_CLIENT=@OLD_CHARACTER_SET_CLIENT */;
/*!40101 SET CHARACTER_SET_RESULTS=@OLD_CHARACTER_SET_RESULTS */;
/*!40101 SET COLLATION_CONNECTION=@OLD_COLLATION_CONNECTION */;
