-- phpMyAdmin SQL Dump
-- version 4.7.9
-- https://www.phpmyadmin.net/
--
-- Host: 127.0.0.1
-- Generation Time: Aug 30, 2018 at 08:20 AM
-- Server version: 10.1.31-MariaDB
-- PHP Version: 7.2.3

SET SQL_MODE = "NO_AUTO_VALUE_ON_ZERO";
SET AUTOCOMMIT = 0;
START TRANSACTION;
SET time_zone = "+00:00";


/*!40101 SET @OLD_CHARACTER_SET_CLIENT=@@CHARACTER_SET_CLIENT */;
/*!40101 SET @OLD_CHARACTER_SET_RESULTS=@@CHARACTER_SET_RESULTS */;
/*!40101 SET @OLD_COLLATION_CONNECTION=@@COLLATION_CONNECTION */;
/*!40101 SET NAMES utf8mb4 */;

--
-- Database: `fatek_ta`
--

-- --------------------------------------------------------

--
-- Table structure for table `ft_dokumen`
--

CREATE TABLE `ft_dokumen` (
  `dokumenId` int(11) NOT NULL,
  `dokumenDocgroupId` int(4) DEFAULT NULL,
  `dokumenNama` varchar(255) NOT NULL,
  `dokumenNomor` varchar(100) NOT NULL,
  `dokumenDeskripsi` text NOT NULL,
  `dokumenTahun` year(4) DEFAULT NULL,
  `dokumenFile` varchar(100) NOT NULL,
  `dokumenIsPersonalDoc` tinyint(4) NOT NULL,
  `tglUpdate` timestamp NOT NULL DEFAULT CURRENT_TIMESTAMP,
  `userUpdate` varchar(50) NOT NULL
) ENGINE=InnoDB DEFAULT CHARSET=latin1;

--
-- Dumping data for table `ft_dokumen`
--

INSERT INTO `ft_dokumen` (`dokumenId`, `dokumenDocgroupId`, `dokumenNama`, `dokumenNomor`, `dokumenDeskripsi`, `dokumenTahun`, `dokumenFile`, `dokumenIsPersonalDoc`, `tglUpdate`, `userUpdate`) VALUES
(98, 1, 'ijasah_s2_a', '', '', 2005, '51630b2606891b0d3913c42b1d438af4.jpg', 1, '2018-08-19 11:22:31', ''),
(99, 1, 'ijasah_s2_b', '', '', 2005, '5ea96342d3b5573586a34e911660c57b.jpg', 1, '2018-08-19 11:22:31', ''),
(100, 1, 'sertifikat_pendidik', '', '', NULL, '72f2fbb4385e2dc8e881765549fe89d0.jpg', 1, '2018-08-19 11:22:31', ''),
(101, 1, 'sertifikat_serdos', '', '', NULL, '8e23e6c20e86c571cd020af66515ca1b.pdf', 1, '2018-08-19 11:22:31', ''),
(102, 1, 'SK__IIIb', '', '', NULL, 'a225d0fc9ef79f98fe41e82b3df40031.jpg', 1, '2018-08-19 11:22:31', ''),
(103, 1, 'SK_CPNS', '', '', NULL, '9087b7ac9cd2c985456559f024e8fd1b.jpg', 1, '2018-08-19 11:22:31', ''),
(104, 1, 'SK_IIIc', '', '', NULL, '0c459ec181482a0e5346eacc357ef221.jpg', 1, '2018-08-19 11:22:31', ''),
(105, 1, 'SK_Lektor', '', '', NULL, 'b9e557b0b0c18fa4aee0a222145c3ca4.jpg', 1, '2018-08-19 11:22:31', ''),
(106, 1, 'SK_NIP_baru', '', '', NULL, 'd207790a7aaa84e6144409e246027bd4.jpg', 1, '2018-08-19 11:22:31', ''),
(107, 1, 'SK_PNS', '', '', NULL, 'f8f38d7236314db20312d97997873f4f.jpg', 1, '2018-08-19 11:22:31', ''),
(108, 1, 'SK_PNS_100_persen_PAK', '', '', NULL, 'f5b5484432a76e070ed274b828288313.pdf', 1, '2018-08-19 11:22:31', ''),
(109, 1, 'SK_PNS_lampiran', '', '', NULL, '36da5bddb7c4e79cc5fd6f943b085b41.jpg', 1, '2018-08-19 11:22:31', ''),
(110, 1, 'SK Pembina IVa', '', '', NULL, '3a730cb4c3ac2a9410fb72803e437924.jpg', 1, '2018-08-19 11:22:31', ''),
(111, 1, 'SK Lektor Kepala', '', '', NULL, 'a846a6c5a8b0ac2d277dacd4157bb5a1.jpg', 1, '2018-08-19 11:22:31', ''),
(112, 1, 'SK Tugas Belajar 2014 RS', '', '', NULL, '415da70280597c9f74d23be0823e2437.pdf', 1, '2018-08-19 11:22:31', ''),
(113, 1, 'Transkrip ITB Terlegalisir', '', '', NULL, '04d6a21b515ec5cae9e51aba875859fb.pdf', 1, '2018-08-19 11:22:31', ''),
(114, 5, 'Ijazah S1', '', '', NULL, '9b722b333a1c16dd810a6777ce9cb4f4.pdf', 1, '2018-08-19 11:22:31', ''),
(115, 6, 'SK CPNS', '', '', NULL, 'dd559319f3cad7d5815fe20456b0a7a5.pdf', 1, '2018-08-19 11:22:31', ''),
(116, 6, 'SK IIIA', '', '', NULL, '76550ca56099245454fd20f9de49ac83.pdf', 1, '2018-08-19 11:22:31', ''),
(117, 6, 'SK Lektor', '', '', NULL, 'a16ce09b00c6018b596560d99da08f49.pdf', 1, '2018-08-19 11:22:31', ''),
(118, 6, 'SK PNS', '', '', NULL, '38368b41a51fbdb36af8999f91c984f9.pdf', 1, '2018-08-19 11:22:31', ''),
(120, 5, 'TRANSKRIP S1', '', '', NULL, '35957ae0924aade30ef1281e9ec87d3c.pdf', 1, '2018-08-19 11:22:31', ''),
(121, 5, 'Ijazah S1', '', '', 2016, 'caa7307cfc03f350e1c7bac9b77c1b69.pdf', 1, '2018-08-19 11:22:31', ''),
(122, 5, 'Ijazah S2', '', '', NULL, 'b97f902a6e5b5b2c3ff6a47736118ed6.pdf', 1, '2018-08-19 11:22:31', ''),
(123, 1, 'Sertifikat Dosen', '', '', NULL, 'c3c137293e7a58b256ef257ec01f9fb2.pdf', 1, '2018-08-19 11:22:31', ''),
(124, 6, 'SK Fungsional Asisten Ahli', '', '', NULL, 'b6dd4a09e987cecc55f9f688626d280d.pdf', 1, '2018-08-19 11:22:31', ''),
(125, 6, 'SK Fungsional Lektor', '', '', NULL, '76817cd5127c85291c5d89d32ef0a6e4.pdf', 1, '2018-08-19 11:22:31', ''),
(126, 6, 'SK NIP Baru', '', '', NULL, 'e5bb55fd9fcd0601b5686447eab8da79.pdf', 1, '2018-08-19 11:22:31', ''),
(127, 6, 'SK CPNS', '', '', NULL, '98fdd24da9dfbf3af0f02ca43b78dd39.jpg', 1, '2018-08-19 11:22:31', ''),
(128, 1, 'Ijazah S1', '', '', NULL, '4532774c8eef2aa787c460fc21b1a2af.jpg', 1, '2018-08-19 11:22:31', ''),
(129, 1, 'IJAZAH S2', '', '', NULL, '320a556e8751d969d7f421f83f61f472.jpg', 1, '2018-08-19 11:22:31', ''),
(130, 1, 'SK IIIA', '', '', NULL, 'f08e1c6467c5587c8a01927e437fd877.jpg', 1, '2018-08-19 11:22:31', ''),
(131, 1, 'SK IIIB', '', '', NULL, 'bead7c5b3287d1a02e0093a81dc3762a.jpg', 1, '2018-08-19 11:22:31', ''),
(132, 1, 'TRANSKRIP S1', '', '', NULL, 'fd4a1635bece679a1f36207d20f74ad1.jpg', 1, '2018-08-19 11:22:31', ''),
(133, 1, 'TRANSKRIP S2', '', '', NULL, '34c91cd203cf33af1d894b7345228385.jpg', 1, '2018-08-19 11:22:31', ''),
(134, 1, 'IJAZAH S1', '', '', NULL, 'ea05223c29f3855a81a65fa5d22bed24.jpg', 1, '2018-08-19 11:22:31', ''),
(135, 1, 'IJAZAH S2', '', '', NULL, '6b3fd231733f61872d1741e2f6e9e0ba.jpg', 1, '2018-08-19 11:22:31', ''),
(136, 1, 'PENETAPAN ANGKA KREDIT IIIB', '', '', NULL, 'a486d7f2c1476a4770e57990567f8f9f.jpg', 1, '2018-08-19 11:22:31', ''),
(137, 1, 'PERNYATAAN JABATAN ASISTEN AHLI', '', '', NULL, 'd7f7129046a89ad10e8afc83df3b20cb.jpg', 1, '2018-08-19 11:22:31', ''),
(138, 1, 'PERNYATAAN JABATAN LEKTOR', '', '', NULL, 'bdd2fd5ed0f5fd75bdf8cd051dba3165.jpg', 1, '2018-08-19 11:22:31', ''),
(139, 1, 'SK ASISTEN AHLI', '', '', NULL, '2e3ec0e973b49d145ab6dd567bdc6ba5.jpg', 1, '2018-08-19 11:22:31', ''),
(140, 1, 'SK LEKTOR', '', '', NULL, '11739e5f3e011e4479e8178a50db268c.jpg', 1, '2018-08-19 11:22:31', ''),
(141, 1, 'SK IIIC', '', '', NULL, '7c87ea5a09eda7fb84cdbf5873ded6fc.jpg', 1, '2018-08-19 11:22:31', ''),
(142, 1, 'PENETAPAN ANGKA KREDIT ASS. AHLI', '', '', NULL, '040a16a11149a90fd0b10ca3cbae2cdf.jpg', 1, '2018-08-19 11:22:31', ''),
(143, 1, 'SK IIID', '', '', NULL, '105b41823050595e219e429abc4cfbcb.jpg', 1, '2018-08-19 11:22:31', ''),
(144, 1, 'TRANSKRIP S1', '', '', NULL, '7a5516cf62d72bb242769e8327d34862.jpg', 1, '2018-08-19 11:22:31', ''),
(145, 1, 'TRANSKRIP S1 Part 2', '', '', NULL, '6ee90caa67471c57890b45b33abe2bc1.jpg', 1, '2018-08-19 11:22:31', ''),
(146, 1, 'TRANSKRIP S2', '', '', NULL, 'c7a9421a0e5dec48b8ef14283bc2b7bc.jpg', 1, '2018-08-19 11:22:31', ''),
(147, 1, 'SK PNS', '', '', 1997, '9a71f1c3d810782ecf6498ec2d3d08c4.jpg', 1, '2018-08-19 11:22:31', ''),
(148, 1, 'SK IIIA', '', '', 1997, '02dd2910e5de5f191e8ce248c96c0fd1.jpg', 1, '2018-08-19 11:22:31', ''),
(149, 1, 'SK IIIB', '', '', 2004, 'f4edeac73f7aa1061c562262bc63052d.jpg', 1, '2018-08-19 11:22:31', ''),
(151, 1, 'IJAZAH S1', '', '', 1993, 'cbfd56175c6f66ef43fbdde9cb844152.jpg', 1, '2018-08-19 11:22:31', ''),
(152, 1, 'SK CPNS', '', '', NULL, '33ae52f17b1fb08da511981e4faf1b35.jpg', 1, '2018-08-19 11:22:31', ''),
(153, 1, 'IJAZAH S1', '', '', NULL, '0cf340f156c62a1075de8ed667dd2212.jpg', 1, '2018-08-19 11:22:31', ''),
(154, 1, 'IJAZAH S2', '', '', NULL, '667e7736b4c67b32e9f51853263f3e72.jpg', 1, '2018-08-19 11:22:31', ''),
(155, 1, 'SK IIIA', '', '', NULL, '5bc52d53315abfced50b1fb1673583ae.jpg', 1, '2018-08-19 11:22:31', ''),
(156, 1, 'SK NIP Baru', '', '', NULL, '59d97d265a24cf11efec704d7977e47f.jpg', 1, '2018-08-19 11:22:31', ''),
(157, 1, 'pengaktifan kembali', '', '', NULL, '92504fa185a79c182f505eaf0c82607f.jpg', 1, '2018-08-19 11:22:31', ''),
(158, 1, 'SK IIIA', '', '', NULL, '46aa316519fbcc63f0e5bba0148ee086.jpg', 1, '2018-08-19 11:22:31', ''),
(159, 1, 'SK Sertifikasi Dosen1', '', '', NULL, '6d8b110fa9a342e21ae6367b3d542a05.pdf', 1, '2018-08-19 11:22:31', ''),
(160, 1, 'SK Sertifikasi Dosen 2', '', '', NULL, 'a302a7defcf9e088bc0fd2151e835565.pdf', 1, '2018-08-19 11:22:31', ''),
(161, 1, 'TRANSKRIP S1', '', '', NULL, 'f9269ef03226ba6bded03e757b3b152f.jpg', 1, '2018-08-19 11:22:31', ''),
(162, 1, 'TRANSKRIP S2', '', '', NULL, '6db4c8cd8d64f73beb038e2656caed72.jpg', 1, '2018-08-19 11:22:31', ''),
(163, 1, 'SK CPNS', '', '', NULL, '85219dee52c1241dae45e29f145be64b.pdf', 1, '2018-08-19 11:22:31', ''),
(164, 1, 'SK PNS', '', '', NULL, '30a563fda9199125f04f250078b84b85.pdf', 1, '2018-08-19 11:22:31', ''),
(165, 1, 'SK Pangkat', '', '', NULL, '7886327af54dff6e323cdf6cbd510424.pdf', 1, '2018-08-19 11:22:31', ''),
(166, 1, 'SK Jabatan Fungsional', '', '', NULL, 'a61d1d7312e29b55c1cbed082af3647f.pdf', 1, '2018-08-19 11:22:31', ''),
(167, 1, 'IJAZAH S1', '', '', NULL, '45269d8239c55592c008310333e5437c.pdf', 1, '2018-08-19 11:22:31', ''),
(168, 1, 'TRANSKRIP S1', '', '', NULL, '6fb7d5a86f4bb22ff8c5d153b327862f.pdf', 1, '2018-08-19 11:22:31', ''),
(169, 1, 'IJAZAH S2', '', '', NULL, '35e88dfe913fb5710153fd456ff65118.pdf', 1, '2018-08-19 11:22:31', ''),
(171, 1, 'SK NIP Baru', '', '', NULL, 'dc70329945cbee73f6b302017c27fd0e.pdf', 1, '2018-08-19 11:22:31', ''),
(172, 1, 'SK CPNS', '', '', NULL, '71e19077cb0bdf25da64851722831825.pdf', 1, '2018-08-19 11:22:31', ''),
(173, 1, 'IJAZAH S2 part 1', '', '', NULL, '38f306ea6fff7231da711528d84af2aa.pdf', 1, '2018-08-19 11:22:31', ''),
(174, 1, 'IJAZAH S2 part 2', '', '', NULL, '2aebb8ba380031510e202f16be80e2e7.pdf', 1, '2018-08-19 11:22:31', ''),
(175, 1, 'sertifikat_serdos', '', '', NULL, 'f6f5a1e6f3207900c33125b406959758.pdf', 1, '2018-08-19 11:22:31', ''),
(176, 1, 'SK IIID', '', '', NULL, '35492603fa63096f81a44afd30e0970b.pdf', 1, '2018-08-19 11:22:31', ''),
(177, 1, 'SKPT', '', '', NULL, '0098071d3402b2c1f49f0ad7efb05ed9.pdf', 1, '2018-08-19 11:22:31', ''),
(178, 1, 'IJAZAH S1', '', '', NULL, '7496687d2dc4d65d2f5daecff02ac67e.jpg', 1, '2018-08-19 11:22:31', ''),
(179, 1, 'IJAZAH S2', '', '', NULL, 'd680cd77634d15c46c87963008327f40.jpg', 1, '2018-08-19 11:22:31', ''),
(180, 1, 'sertifikat_serdos', '', '', NULL, 'f4eed85bce41f99d57cd1536df13bbae.jpg', 1, '2018-08-19 11:22:31', ''),
(181, 1, 'SK PNS', '', '', NULL, 'd0f25b20a02783cda1dccf8c4dd89065.jpg', 1, '2018-08-19 11:22:31', ''),
(182, 1, 'SK CPNS', '', '', NULL, '5cdaf9779e937dedf8e434b817155a92.jpg', 1, '2018-08-19 11:22:31', ''),
(183, 1, 'SK IIIA ke III-B', '', '', NULL, '57712d4328df77066960f6e3ae0b392f.jpg', 1, '2018-08-19 11:22:31', ''),
(184, 1, 'SK IIIB ke IIIc', '', '', NULL, '6c3752e0f7d5dd53517f382b88c3498f.jpg', 1, '2018-08-19 11:22:31', ''),
(185, 1, 'SK LEKTOR', '', '', NULL, 'f3b240343a5b4e8b893d9397bfec8fd6.jpg', 1, '2018-08-19 11:22:31', ''),
(186, 1, 'Surat Tanda tamat Diklat Prajab', '', '', NULL, 'b0da142381d18ceabb0e5ca4c9d26e2f.jpg', 1, '2018-08-19 11:22:31', ''),
(187, 1, 'TRANSKRIP S1', '', '', NULL, '7fa77d8c59449bbfb241bdaf494c3852.jpg', 1, '2018-08-19 11:22:31', ''),
(188, 1, 'TRANSKRIP S2', '', '', NULL, 'd6a6c31df43cc7375e3a364a8bb86014.jpg', 1, '2018-08-19 11:22:31', ''),
(191, 1, 'IJAZAH S1', '', '', 2006, '36c4fb91b20cc84e6d600ba068f81bda.jpg', 1, '2018-08-19 11:22:31', ''),
(192, 1, 'IJAZAH S2', '', '', 2013, '421730a085ca34ad3115b67d624b05b1.pdf', 1, '2018-08-19 11:22:31', ''),
(193, 1, 'SK CPNS', '', '', 2006, 'c17d9729e1addfdc1e7c80686dbf8700.jpg', 1, '2018-08-19 11:22:31', ''),
(194, 1, 'SK Jab Fungsional Asisten Ahli', '', '', 2017, 'f9d96af29a7178b127c88eb896ee8b26.jpg', 1, '2018-08-19 11:22:31', ''),
(195, 1, 'SK Pengaktifan Kembali dari S2', '', '', 2014, '42df9f2a755cf128850a4a532a8ef2b2.jpg', 1, '2018-08-19 11:22:31', ''),
(196, 1, 'SK PNS IIIa', '', '', 2007, '9bfc5157e25c96e0c4fb4f71eecc3954.jpg', 1, '2018-08-19 11:22:31', ''),
(197, 1, 'Transkrip S1 (English)', '', '', NULL, '7f4f91c0bd60ede693c4cfe700bfe5aa.jpg', 1, '2018-08-19 11:22:31', ''),
(198, 1, 'TRANSKRIP S2', '', '', 2013, '29cdc4ce574dda0e1f91322ed66fcc96.pdf', 1, '2018-08-19 11:22:31', ''),
(199, 1, 'Tugas Belajar S2', '', '', 2017, 'ae6dbabf853307d98153c9af878f1fcf.jpg', 1, '2018-08-19 11:22:31', ''),
(200, 1, 'IJAZAH S2', '', '28 AGUSTUS 2008', 2008, '329d79904529ae4dcd7f558eada7101b.pdf', 1, '2018-08-19 11:22:31', ''),
(201, 1, 'SERTIFIKAT DOSEN', '', '', 2011, '3fb27c211dcf51e13093b12282d4d87b.pdf', 1, '2018-08-19 11:22:31', ''),
(202, 1, 'SK CPNS', '', 'TMT 1 DESEMBER 2002', 2002, '93c30c9e48fb5ebf8085193f4adb4030.pdf', 1, '2018-08-19 11:22:31', ''),
(203, 1, 'SK Fungsional ASISTEN AHLI', '', 'AK 205.25', 2004, '76c7416f8106bc3e2ee2ba999f9bdd67.pdf', 1, '2018-08-19 11:22:31', ''),
(204, 1, 'SK PNS', '', 'NOVEMBER 2003', 2003, '9b29d80163ae865acde413e194005095.pdf', 1, '2018-08-19 11:22:31', ''),
(205, 1, 'SK IIIB', '', 'JULI 2008 AK 157.5', 2008, '58ab131e9c9e278bbcca283955c657d0.pdf', 1, '2018-08-19 11:22:31', ''),
(206, 1, 'Surat Pernyataan Melaksanakan Tugas 2004', '', '', NULL, 'cd26df79f589d2bdaba1d3ffedc26471.jpg', 1, '2018-08-19 11:22:31', ''),
(207, 1, 'Surat Pernyataan Menduduki Jabatan 2004', '', '', NULL, '8d1ce9e385453347a1e1bcdc976dd8e1.jpg', 1, '2018-08-19 11:22:31', ''),
(208, 1, 'IJAZAH S1', '', '', NULL, 'a4629c4b91d5407de84d9f0a19e773b5.jpg', 1, '2018-08-19 11:22:31', ''),
(209, 1, 'IJAZAH S2', '', '', NULL, 'a0520bbc1ac0a914a5d459476c6eb037.jpg', 1, '2018-08-19 11:22:31', ''),
(210, 1, 'SERTIFIKAT DOSEN', '', '', NULL, '13767722f112754c60c407f53e8027d1.jpg', 1, '2018-08-19 11:22:31', ''),
(211, 1, 'IJAZAH S1', '', '', NULL, '52a402c7f6d95d146688a291299b29ac.pdf', 1, '2018-08-19 11:22:31', ''),
(212, 1, 'IJAZAH S2', '', '', NULL, 'a167c73bb5b820a0d9f5cbe6622c3470.pdf', 1, '2018-08-19 11:22:31', ''),
(213, 1, 'SK NIP Baru', '', '', NULL, 'e886d1698f79fa0f4d420374ab506675.pdf', 1, '2018-08-19 11:22:31', ''),
(214, 1, 'SK ASISTEN AHLI', '', '', NULL, 'de8303090bc0b47ae5b00bccb488223b.pdf', 1, '2018-08-19 11:22:31', ''),
(215, 1, 'Asisten Ahli Penetapan Kredit', '', '', NULL, '7e5bfd4c60224e3051326ec9073d1b2d.pdf', 1, '2018-08-19 11:22:31', ''),
(216, 1, 'SK CPNS', '', '', NULL, '50f2885125ac3a45874e54f20ac23073.pdf', 1, '2018-08-19 11:22:31', ''),
(217, 1, 'SK IIIB', '', '', NULL, '2e26657110eabf8fe603c1fe38a72ed6.pdf', 1, '2018-08-19 11:22:31', ''),
(218, 1, 'SK Melaksanakan Tugas  Sesudah S2', '', '', NULL, '535242294ddb0f34b008f20311b05374.pdf', 1, '2018-08-19 11:22:31', ''),
(219, 1, 'SK Melaksanakan Tugas  Sesudah S2-2', '', '', NULL, 'db72abb3aa86bf143e83437438b9e17a.pdf', 1, '2018-08-19 11:22:31', ''),
(220, 1, 'SK PENGAKTIFAN', '', '', NULL, '4723f76e61d4639bae8602bec0a31733.pdf', 1, '2018-08-19 11:22:31', ''),
(221, 1, 'SK PNS', '', '', NULL, '5ac2055fd7f66d350f7fa63e16fc35e6.pdf', 1, '2018-08-19 11:22:31', ''),
(222, 1, 'TRANSKRIP S1', '', '', NULL, '01995cb0e4cd19ffdb1ab879dfe6163d.pdf', 1, '2018-08-19 11:22:31', ''),
(223, 1, 'TRANSKRIP S2', '', '', NULL, '972ebec4b73b3d5e5e075be981ff8423.pdf', 1, '2018-08-19 11:22:31', ''),
(224, 1, 'IJAZAH S1', '', '', NULL, 'f4418bdba05e76da50ef6871f9d6a11f.jpg', 1, '2018-08-19 11:22:31', ''),
(225, 1, 'IJAZAH S2', '', '', NULL, '8c8af77881115374931cc1525735fdc5.jpg', 1, '2018-08-19 11:22:31', ''),
(226, 1, 'Sertifikat Serdos', '', '', NULL, '0725aa81ea1c911f58b7215369da74eb.jpg', 1, '2018-08-19 11:22:31', ''),
(227, 1, 'SK CPNS', '', '', NULL, 'da9021ad73a59d0dc33d8de7047c05e1.jpg', 1, '2018-08-19 11:22:31', ''),
(228, 1, 'SK Fungsional ASISTEN AHLI', '', '', NULL, '0e576f869a26f62ba944c27aeda45fc2.jpg', 1, '2018-08-19 11:22:31', ''),
(229, 1, 'SK PNS', '', '', NULL, '2726ee31776c57253977d50a9d83f573.jpg', 1, '2018-08-19 11:22:31', ''),
(230, 1, 'TRANSKRIP S1', '', '', NULL, 'f9ed1ffe62d66f61d1b9d8ae31e9c5a9.jpg', 1, '2018-08-19 11:22:31', ''),
(231, 1, 'TRANSKRIP S2', '', '', NULL, 'e4578a3662aa1d20c10e9fa5e60f0b48.jpg', 1, '2018-08-19 11:22:31', ''),
(232, 1, 'IJAZAH S1', '', '', 1994, '95bf3beb22bd6b43164f37745212dbc0.PDF', 1, '2018-08-19 11:22:31', ''),
(233, 1, 'IJAZAH S2 Bahasa Indonesia', '', '', 2002, 'e24de18025bda9abb99ef26e9ab7a4bb.PDF', 1, '2018-08-19 11:22:31', ''),
(234, 1, 'IJAZAH S2 English', '', '', NULL, '48ca53497d1dbdc1fdb2b20eae0a2fac.PDF', 1, '2018-08-19 11:22:31', ''),
(235, 1, 'SK NIP Baru', '', '', NULL, '750f02e5949c20c4eb484ed869140616.pdf', 1, '2018-08-19 11:22:31', ''),
(236, 1, 'SK Penetapan Angka Kredit', '', '', NULL, 'bde126dd8df8b3435e665a303636e5d1.PDF', 1, '2018-08-19 11:22:31', ''),
(237, 1, 'SK CPNS', '', '', NULL, '3448ca49dc8405f7193671ccfb82980e.PDF', 1, '2018-08-19 11:22:31', ''),
(238, 1, 'SK IIIC', '', '', NULL, 'c8dd1d33f5bda1d1661f2dfad358ded1.PDF', 1, '2018-08-19 11:22:31', ''),
(239, 1, 'SK Jabatan Terakhir', '', '', NULL, '15840c9d7a61f2771e502f65be227a36.jpg', 1, '2018-08-19 11:22:31', ''),
(241, 1, 'IJAZAH S1', '', '', NULL, '228bcff60b13d88f7826c3e1d921f119.pdf', 1, '2018-08-19 11:22:31', ''),
(242, 1, 'IJAZAH S2', '', '', NULL, '21a7b40c38521e0b423af31747b6c239.pdf', 1, '2018-08-19 11:22:31', ''),
(243, 1, 'SERTIFIKAT DOSEN', '', '', NULL, 'eac4c6d6235419b4bf26c67708263814.pdf', 1, '2018-08-19 11:22:31', ''),
(244, 1, 'SK ASISTEN AHLI', '', '', NULL, 'a94d8922ed947e473a3ca3577e158140.pdf', 1, '2018-08-19 11:22:31', ''),
(245, 1, 'SK Terakhir', '', '', NULL, '0788e737f028c2d10cc4d3a3c3a8992f.pdf', 1, '2018-08-19 11:22:31', ''),
(246, 1, 'TRANSKRIP S1', '', '', NULL, 'db9600657195422baa85c1b2d48ffcf4.pdf', 1, '2018-08-19 11:22:31', ''),
(247, 1, 'TRANSKRIP S2', '', '', NULL, '2105d0713d8847ee8a16511874cbd475.pdf', 1, '2018-08-19 11:22:31', ''),
(248, 1, 'SK 80%', '', '', NULL, '3d2577922a1396254b3cdf8d4a6d2034.pdf', 1, '2018-08-19 11:22:31', ''),
(249, 1, 'SK 100%', '', '', NULL, 'd1d0ba5141880da8edeacea98178d849.pdf', 1, '2018-08-19 11:22:31', ''),
(250, 1, 'SK CPNS', '', '', NULL, 'f248f591f794908709f1096294d17e62.jpg', 1, '2018-08-19 11:22:31', ''),
(251, 1, 'IJAZAH S1', '', '', NULL, '9c66e8b52f1cada66626ae5d030312ed.jpg', 1, '2018-08-19 11:22:31', ''),
(252, 1, 'IJAZAH S2 part 1', '', '', NULL, 'c99d9e339b35e6eb872b04f4491a47f1.jpg', 1, '2018-08-19 11:22:31', ''),
(253, 1, 'IJAZAH S2 part 2', '', '', NULL, 'e61e570907c1c9a5fa910824bc37d478.jpg', 1, '2018-08-19 11:22:31', ''),
(254, 1, 'sertifikat_pendidik', '', '', NULL, '4c7eca93bf5b107c29d0821deadac37d.jpg', 1, '2018-08-19 11:22:31', ''),
(255, 1, 'SK JabFung_AsistenAhli - hal 1', '', '', NULL, '37d22c46cfb3129c2f6c25eeb0df14a6.jpg', 1, '2018-08-19 11:22:31', ''),
(256, 1, 'SK JabFung_AsistenAhli - hal 2', '', '', NULL, '21407248f8abf70c7216a0834e37b52b.jpg', 1, '2018-08-19 11:22:31', ''),
(257, 1, 'SK JabFung_AsistenAhli - hal 3', '', '', NULL, 'ed31adab7d0a0fb061cf59cdc624af17.jpg', 1, '2018-08-19 11:22:31', ''),
(258, 1, 'SK JabFung_AsistenAhli - hal 4', '', '', NULL, '136d93c4ca7be2e18d3e4df93275d214.jpg', 1, '2018-08-19 11:22:31', ''),
(259, 1, 'SK JabFung_Lektor - hal 1', '', '', NULL, '98c41ff68eb385cb2d845da932c5a5f5.jpg', 1, '2018-08-19 11:22:31', ''),
(260, 1, 'SK JabFung_Lektor - hal 2', '', '', NULL, 'd80a5db46335a7e50a5dbe774e69b168.jpg', 1, '2018-08-19 11:22:31', ''),
(261, 1, 'SK Lektor Kepala', '', '', NULL, 'fb14ec5879ecb906e34a38dbc128c2ac.jpg', 1, '2018-08-19 11:22:31', ''),
(262, 1, 'SK NIP Baru', '', '', NULL, '9d6bf18cbe04e4a7539c74bf207bf5b5.jpg', 1, '2018-08-19 11:22:31', ''),
(263, 1, 'SK Pangkat (Penata - III c)', '', '', NULL, '400d5beb9758ee98227dc5ae9b2e116c.jpg', 1, '2018-08-19 11:22:31', ''),
(264, 1, 'SK Pangkat (Penata Muda - III a) - hal 1', '', '', NULL, '1d4bd7f6c904578f03fa1a12150fdea0.jpg', 1, '2018-08-19 11:22:31', ''),
(265, 1, 'SK Pangkat (Penata Muda - III a) - hal 2', '', '', NULL, '28d2b8dca661091b4196e09cfb3a2b64.jpg', 1, '2018-08-19 11:22:31', ''),
(266, 1, 'SK Pangkat (Penata Muda Tkt I - III b) -hal 1', '', '', NULL, '3cc9ee5d2506c71d0663f9f176113102.jpg', 1, '2018-08-19 11:22:31', ''),
(267, 1, 'SK Pangkat (Penata Muda Tkt I - III b) -hal 2', '', '', NULL, 'fa037171d2c2c5894b782cfdd29e1554.jpg', 1, '2018-08-19 11:22:31', ''),
(268, 1, 'SK Pangkat (Penata Tkt 1 - III d)', '', '', NULL, '5a71e418fd2b197a0447ce261e47adbc.jpg', 1, '2018-08-19 11:22:31', ''),
(269, 1, 'Transkrip S1 (English)', '', '', NULL, 'a9ec8e3260386819d994ffd414367591.jpg', 1, '2018-08-19 11:22:31', ''),
(270, 1, 'TRANSKRIP S1', '', '', NULL, 'e7bd8524128545d1c3dc45a654c01b21.jpg', 1, '2018-08-19 11:22:31', ''),
(271, 1, 'TRANSKRIP S2', '', '', NULL, '79a7aa73a456c49f9b8ae7b9e1f5baad.jpg', 1, '2018-08-19 11:22:31', ''),
(272, 5, 'IJAZAH S1', '', '', 2004, '01750a34b5db8442dd903a6f6b673492.jpg', 1, '2018-08-19 11:22:31', ''),
(273, 5, 'IJAZAH S2', '', '', 2014, 'c277e564f153df6a16a14f7937e32a5e.jpg', 1, '2018-08-19 11:22:31', ''),
(274, 5, 'IPK S1 BELAKANG', '', '', 2004, '4425ac8ff6d1550883963d0e343b4cac.jpg', 1, '2018-08-19 11:22:31', ''),
(275, 5, 'IPK S1 DEPAN', '', '', 2004, '8bc5532ebeae37806645643eb3d16650.jpg', 1, '2018-08-19 11:22:31', ''),
(276, 5, 'IPK S2', '', '', 2014, '2005ed466fe10955a67e09951296a76a.jpg', 1, '2018-08-19 11:22:31', ''),
(277, 6, 'SK ANGKA KREDIT', '', '', 2016, 'bac79b1ce15d572498d7fac395fcc754.jpg', 1, '2018-08-19 11:22:31', ''),
(278, 6, 'SK ASISTEN AHLI', '', '', 2006, '6d28f4b70faa7a4f5c7cac4ffbedf23e.jpg', 1, '2018-08-19 11:22:31', ''),
(279, 6, 'SK CPNS', '', '', 2005, 'f3fa4bcb4d007df0b72f836a1cc69c49.jpg', 1, '2018-08-19 11:22:31', ''),
(280, 6, 'SK PEMBEBASAN', '', '', 2010, '79fba49ab7b8dd9e2fa16da7ccf97cfd.jpg', 1, '2018-08-19 11:22:31', ''),
(281, 6, 'SK PENGAKTIFAN KEMBALI', '', '', 2014, '5fb5941d01efe366379798a306093722.jpg', 1, '2018-08-19 11:22:31', ''),
(282, 6, 'SK PNS 3A', '', '', 2006, '16359941e9d15fb01703c25627161eac.jpg', 1, '2018-08-19 11:22:31', ''),
(283, 6, 'SK TUGAS BELAJAR', '', '', 2010, 'd148cd982f8b635f84aa3491200c5154.jpg', 1, '2018-08-19 11:22:31', ''),
(284, 6, 'SP MELAKSANAKAN TUGAS SETELAH TB', '', '', 2014, '89728ad0c6778f5e82aa420a51dd01ef.jpg', 1, '2018-08-19 11:22:31', ''),
(285, 6, 'SP MELAKSANAKAN TUGAS', '', '', 2014, '3bd58b32986c82f66b88ccf722016d53.jpg', 1, '2018-08-19 11:22:31', ''),
(286, 6, 'SP MENDUDUKI JABATAN PULANG TB', '', '', 2014, 'f269e6fd34b6fa4ee252482172a348f7.jpg', 1, '2018-08-19 11:22:31', ''),
(287, 6, 'USUL PENGAKTIFAN KEMBALI', '', '', 2014, 'b6d69f22141cbf0d3997a67f97a3860c.jpg', 1, '2018-08-19 11:22:31', ''),
(288, 1, 'IJAZAH S1', '', '', NULL, 'e3ff72fc907ebfc11d0853d882fc027f.jpg', 1, '2018-08-19 11:22:31', ''),
(289, 1, 'IJAZAH S2', '', '', NULL, '9fcdb6b49f5655e592e74d3e9a10caa4.jpg', 1, '2018-08-19 11:22:31', ''),
(290, 1, 'SK NIP Baru', '', '', NULL, 'ae5fbe3b6a276f5cc1df919b039fd86f.jpg', 1, '2018-08-19 11:22:31', ''),
(291, 1, 'sertifikat_serdos', '', '', NULL, '17448dcf391c080012ffff449a272dc8.jpg', 1, '2018-08-19 11:22:31', ''),
(292, 1, 'SK CPNS', '', '', NULL, '1b1883d6411310ca7874acac9165a3be.jpg', 1, '2018-08-19 11:22:31', ''),
(293, 1, 'SK IIIB', '', '', NULL, '85ca012c3867158308c5b56b0f358d11.jpg', 1, '2018-08-19 11:22:31', ''),
(294, 1, 'SK IIIC', '', '', NULL, '11e4d340d11d8a909400c440b0de695d.jpg', 1, '2018-08-19 11:22:31', ''),
(295, 1, 'SK PNS', '', '', NULL, 'bd6ca402c374b5c3f17a9a3680ddcd64.jpg', 1, '2018-08-19 11:22:31', ''),
(296, 1, 'SK IIID', '', '', NULL, '5231463d207fad575f570aaaa0733032.jpg', 1, '2018-08-19 11:22:31', ''),
(297, 1, 'TRANSKRIP S1', '', '', NULL, '8b92ebbf65fc0a8264712d6e37f568ac.jpg', 1, '2018-08-19 11:22:31', ''),
(298, 1, 'TRANSKRIP S2', '', '', NULL, '02cefc302488b42ecd49d6be461503f5.jpg', 1, '2018-08-19 11:22:31', ''),
(299, 1, 'IJAZAH D3', '', '', NULL, 'fd57bf0f5fbc72911c484b0d811cec60.jpg', 1, '2018-08-19 11:22:31', ''),
(300, 1, 'IJAZAH S1', '', '', NULL, 'a29e2e50f7a6e574a02da8b6ca4410bb.jpg', 1, '2018-08-19 11:22:31', ''),
(301, 1, 'IJAZAH S2', '', '', NULL, 'c3818d11abd82ae51d6d19d8135fbf71.jpg', 1, '2018-08-19 11:22:31', ''),
(302, 1, 'SK Alih Status Jadi Dosen', '', '', NULL, '8ba4827400c7e1faa70587f9764bbb25.jpg', 1, '2018-08-19 11:22:31', ''),
(303, 1, 'SK CPNS', '', '', NULL, 'bae5253fec6ba9f58da8bdd2d7d11fb1.jpg', 1, '2018-08-19 11:22:31', ''),
(304, 1, 'SK NIP Baru', '', '', NULL, '7188deadb5e77e9ac4c59a4d831da5d0.jpg', 1, '2018-08-19 11:22:31', ''),
(305, 1, 'SK PENGAKTIFAN KEMBALI', '', '', NULL, '1da3956cc2f8640e4599c002ad04b95d.jpg', 1, '2018-08-19 11:22:31', ''),
(306, 1, 'SK PNS 1', '', '', NULL, 'eefc38b8bf1332e0699cd9e758c6735d.jpg', 1, '2018-08-19 11:22:31', ''),
(307, 1, 'SK PNS 2', '', '', NULL, '7c32070ef2cd70535ac2b430028df716.jpg', 1, '2018-08-19 11:22:31', ''),
(308, 1, 'SK Fungsional LEKTOR', '', '', NULL, '8121713c00eaaa13fc51ee71af7f59ac.pdf', 1, '2018-08-19 11:22:31', ''),
(309, 1, 'Surat Menduduk Jabatan', '', '', NULL, 'c4dc359390e17db2ecab62b03bdaa66f.jpg', 1, '2018-08-19 11:22:31', ''),
(310, 1, 'Surat Pernyataan Melaksanakan Tugas', '', '', NULL, '0e913dd2ab334c77553467ee85867e49.jpg', 1, '2018-08-19 11:22:31', ''),
(311, 1, 'IJAZAH S1', '', '', NULL, '25c70e5aa8450b0c3505ec8111786556.jpg', 1, '2018-08-19 11:22:31', ''),
(312, 1, 'IJAZAH S2', '', '', NULL, '4191733a68fb22df0a769faeefa198fb.jpg', 1, '2018-08-19 11:22:31', ''),
(313, 1, 'sary penyetaraan ijazah', '', '', NULL, '704bf6bc479c21d3d1d68258a3b2e7e3.jpg', 1, '2018-08-19 11:22:31', ''),
(314, 1, 'TRANSKRIP S1', '', '', NULL, '88064951d8a692a78ae76cb93a839845.jpg', 1, '2018-08-19 11:22:31', ''),
(315, 1, 'TRANSKRIP S2', '', '', NULL, '1cdbd3b8288643f008c5b0264bb7e012.jpg', 1, '2018-08-19 11:22:31', ''),
(316, 1, 'SK IIIA', '', '', NULL, 'bdab504aa2e6a9a86ef6f7ff1b6b25bd.jpg', 1, '2018-08-19 11:22:31', ''),
(317, 1, 'SK ASISTEN AHLI', '', '', NULL, '4d057cc02fcf1c51d18dbc70bb95c0bd.jpg', 1, '2018-08-19 11:22:31', ''),
(318, 1, 'SK NIP Baru', '', '', NULL, 'fcec9d1b68089c802768c2f15b2b4332.jpg', 1, '2018-08-19 11:22:31', ''),
(319, 1, 'SK 100%', '', '', NULL, '2ab9ff58d2ceb7bcc557f4b850f6af13.jpg', 1, '2018-08-19 11:22:31', ''),
(320, 1, 'SK CPNS', '', '', NULL, 'a6d9c9594838fd3d2ff3a999f39897f9.jpg', 1, '2018-08-19 11:22:31', ''),
(321, 1, 'IJAZAH S1', '', '', NULL, 'f66e72cde11096a7e0218656460ab9b8.jpg', 1, '2018-08-19 11:22:31', ''),
(322, 1, 'SK NIP Baru', '', '', NULL, 'ff030ec287f5145d4164d9eb3b4b8975.jpg', 1, '2018-08-19 11:22:31', ''),
(323, 1, 'sertifikat_serdos', '', '', NULL, 'b5d0734434c618a48b5138a8f866cea2.jpg', 1, '2018-08-19 11:22:31', ''),
(324, 1, 'SK CPNS', '', '', NULL, 'cd1ba7e50fab3384454e6353a7fd514f.jpg', 1, '2018-08-19 11:22:31', ''),
(325, 1, 'SK IIIC', '', '', NULL, 'c2d8f98e4630ea61ae13911a9a93d268.jpg', 1, '2018-08-19 11:22:31', ''),
(326, 1, 'SK LEKTOR', '', '', NULL, '05bf01530cfabd19245843a3674dd60b.jpg', 1, '2018-08-19 11:22:31', ''),
(327, 1, 'SK PNS', '', '', NULL, '1ddcbacff04ba25a75fcab78911011e1.jpg', 1, '2018-08-19 11:22:31', ''),
(328, 1, 'IJAZAH S1', '', '', NULL, '0abd39b6f657083543a7aaf78025f930.pdf', 1, '2018-08-19 11:22:31', ''),
(329, 1, 'IJAZAH S2', '', '', NULL, '0ca7fd8abcc03d953366a4ec852966de.pdf', 1, '2018-08-19 11:22:31', ''),
(330, 1, 'SK CPNS', '', '', NULL, '9e7973d2a710b9cb9ec46bd6db748165.pdf', 1, '2018-08-19 11:22:31', ''),
(331, 1, 'SK Fungsional 1', '', '', NULL, '2cf4569d95eaf6da88e1ec024059fb1e.pdf', 1, '2018-08-19 11:22:31', ''),
(332, 1, 'SK Fungsional 2', '', '', NULL, '1fd0db2bd9a3f14995821b528d4b45ba.pdf', 1, '2018-08-19 11:22:31', ''),
(333, 1, 'SK PNS', '', '', NULL, 'cbd4a91b3169f16c519d9985ad9ea1c8.pdf', 1, '2018-08-19 11:22:31', ''),
(334, 1, 'IJAZAH S1', '', '', NULL, '044ad5f8116efdb6404b4f9703f21bdd.pdf', 1, '2018-08-19 11:22:31', ''),
(335, 1, 'IJAZAH S2', '', '', NULL, '710b8e2d1c3fc9e9113066790e7b62e7.pdf', 1, '2018-08-19 11:22:31', ''),
(336, 1, 'IJAZAH S3', '', '', NULL, '545dabf974092cd990128dff093f4ec4.pdf', 1, '2018-08-19 11:22:31', ''),
(337, 6, 'SK Pengaktifan Kembali', '', 'SK Pengaktifan Kembali dari Tugas Belajar', 2014, 'd5bb521eb5cb192f86c1fe8056043d92.pdf', 1, '2018-08-19 11:22:31', ''),
(338, 1, 'Penyetaraan Ijazah_Sentinuwo', '', '', NULL, '6670eaf9b708c166db1b183a7b22bd1a.pdf', 1, '2018-08-19 11:22:31', ''),
(339, 1, 'SK CPNS', '', '', NULL, 'e1101433772aedace6187a6803e7622a.pdf', 1, '2018-08-19 11:22:31', ''),
(340, 1, 'SK Fung Assisten ahli_Sentinuwo', '', '', NULL, '70788c3fba69c035340cdfc0ddc1d13f.pdf', 1, '2018-08-19 11:22:31', ''),
(341, 1, 'SK Fung Lektor_Sentinuwo', '', '', NULL, '5093a12a1fbdd2471f14db8f94c618e1.pdf', 1, '2018-08-19 11:22:31', ''),
(342, 6, 'SK IIIa', '', 'SK Penata Muda IIIa No. 365/J12.15/KP/2006', 2006, 'b08b51b8866a28c0b4017b3a54130c8b.pdf', 1, '2018-08-19 11:22:31', ''),
(343, 6, 'SK IIIb', '', 'SK Penata Muda Tingkat I / IIIb No. 198312/A4.3/KP/2013', 2013, '3b71d4dd8de37352e8c781866dfcbd15.pdf', 1, '2018-08-19 11:22:31', ''),
(344, 5, 'IJAZAH S1', '', '', NULL, 'ccd56b9d3c2084eecc6679cfc9d842b7.pdf', 1, '2018-08-19 11:22:31', ''),
(345, 5, 'Ijazah S2', '', '', NULL, 'b32ba96f35c020b11a3b688dc2f120b4.pdf', 1, '2018-08-19 11:22:31', ''),
(346, 1, 'SK Lektor', '', '', 2010, '6af04248da604c15815ce1e579e090aa.jpg', 1, '2018-08-19 11:22:31', ''),
(347, 5, 'Ijazah S2', '', '', NULL, '36bfb21307d033997229d631cd5f9798.pdf', 1, '2018-08-19 11:22:31', ''),
(348, 3, 'P2M DI DESA TONTALETE 2015', '', '', NULL, '3119072dedc6f7edbb17a18be4fb50e8.pdf', 1, '2018-08-19 11:22:31', ''),
(349, 4, 'SERTIFIKAT', '', '', NULL, '07605bc623ced994d02b11260b49488e.pdf', 1, '2018-08-19 11:22:31', ''),
(350, 4, 'SK PENETAPAN PENYUSUN BUKU PROFIL 2014', '', '', NULL, '9186a6dcff65f9e9a68273837aedd8a0.pdf', 1, '2018-08-19 11:22:31', ''),
(351, 6, 'PRAJABATAN GOLONGAN 3 2014', '', '', NULL, '3c0e78400195204e5008e72132d5d4c5.pdf', 1, '2018-08-19 11:22:31', ''),
(352, 4, 'TIM PRS DAN LAKIP 2014', '', '', NULL, '2fb090eba1a2bf294ed36ab251848696.pdf', 1, '2018-08-19 11:22:31', ''),
(353, 3, 'P2M DI DESA TONTALETE 2015', '', '', NULL, '884b070367bc5a2a2d768a412c0bcd53.pdf', 1, '2018-08-19 11:22:31', ''),
(354, 2, 'ARCHITECTURE DESIGN OF MANADO', '', '', NULL, 'ef0d50b4e28f0f4e4bc7cdd152f3741b.pdf', 1, '2018-08-19 11:22:31', ''),
(355, 4, 'SERTIFIKAT', '', '', NULL, '17ede3970dc3aaa4b18ec48789384848.pdf', 1, '2018-08-19 11:22:31', ''),
(356, 1, 'SK3 100216076 2014', '', '', NULL, '9794b39590b6bc3956d0ab6a03e83e17.pdf', 1, '2018-08-19 11:22:31', ''),
(357, 1, 'SK1 100216003 2013', '', '', NULL, '382582483c887afc7d1b5b25899d20c2.pdf', 1, '2018-08-19 11:22:31', ''),
(358, 1, 'SK2 0802135143 2014', '', '', NULL, 'dbc4bc014a5309c36433751016f091d0.pdf', 1, '2018-08-19 11:22:31', ''),
(359, 1, 'SK2 100216060 2014', '', '', NULL, '11b898361c30885f9388b8a76a518b41.pdf', 1, '2018-08-19 11:22:31', ''),
(360, 1, 'SK3 100216028 2014', '', '', NULL, '16e7f27f2f356f4b0daa9ea8e5600c9f.pdf', 1, '2018-08-19 11:22:31', ''),
(361, 4, 'SK KEANGGOTAAN SENAT FATEK', '', '', NULL, 'c98c1d6a65b765900b8c376e213b5e66.pdf', 1, '2018-08-19 11:22:31', ''),
(362, 2, 'TSSA 2014', '', '', NULL, '0d60a609e0b0181a699bde2091b31d5a.pdf', 1, '2018-08-19 11:22:31', ''),
(363, 1, 'SK3 070213068 2014', '', '', NULL, '493b6dfe11795121a051e234505c1ead.pdf', 1, '2018-08-19 11:22:31', ''),
(364, 3, 'P2M DI DESA TONTALETE 2015', '', '', NULL, 'a90be88cd45e2a2ade6ede7e82aa283e.pdf', 1, '2018-08-19 11:22:31', ''),
(365, 1, 'SK3 080213120 2014', '', '', NULL, 'c00d9e7007f6a522e3ca9b25c14ad9e0.pdf', 1, '2018-08-19 11:22:31', ''),
(366, 1, 'SK2 080213013 2014', '', '', NULL, '827f27e30180f21526cfa867ab53fcc5.pdf', 1, '2018-08-19 11:22:31', ''),
(367, 1, 'SK3 060213067 2014', '', '', NULL, 'f9e697aed6ab8ba7c14746dd5f07c72d.pdf', 1, '2018-08-19 11:22:31', ''),
(368, 1, 'SK2 060213081 2014', '', '', NULL, '636d3aa8bb0514a9ac50bd2040476413.pdf', 1, '2018-08-19 11:22:31', ''),
(369, 4, 'SK REKTOR PEMBERHENTIAN DAN PENGANGKATAN KEANGGOTAAN SENAT FATEK', '', '', NULL, 'ad1f45b66aaf4fc0f3ed2b709db49c3e.pdf', 1, '2018-08-19 11:22:31', ''),
(370, 3, 'P2M DI DESA TONTALETE 2015', '', '', NULL, 'fb1e8bd7e957fe7583bb3ea7ec404f32.pdf', 1, '2018-08-19 11:22:31', ''),
(371, 4, 'SERTIFIKAT', '', '', NULL, 'cacb310df997185a8ccca853838213ee.pdf', 1, '2018-08-19 11:22:31', ''),
(372, 3, 'SK TIM PENGABDIAN PADA GPSDI JEMAAT ALFA OMEGA WANEA', '', '', NULL, '7c067be572411b6cf22c52a17611546e.pdf', 1, '2018-08-19 11:22:31', ''),
(373, 3, 'P2M DI DESA TONTALETE 2015', '', '', NULL, '68e4a91e72aba1c3b82d8f7a66490308.pdf', 1, '2018-08-19 11:22:31', ''),
(374, 4, 'SERTIFIKAT', '', '', NULL, '9e4f725d6e9cedad0dc5bdcbc1e7ddde.pdf', 1, '2018-08-19 11:22:31', ''),
(375, 1, 'SK3 060213023 2014', '', '', NULL, '752951195229722b6f8d9279fef83a41.pdf', 1, '2018-08-19 11:22:31', ''),
(376, 4, 'SK KEPALA BADAN PERENCANAAN PEMBANGUNAN DAERAH KOTA TOMOHON', '', '', NULL, 'bf3b97162d21c44856f9760a5b52bafe.pdf', 1, '2018-08-19 11:22:31', ''),
(377, 4, 'SK MENDIKBUD PENGANGKATAN KAJUR DAN SEKJUR', '', '', NULL, '8832f9d78153f9e6f775bfb0884e1d10.pdf', 1, '2018-08-19 11:22:31', ''),
(378, 4, 'SK TIM PENYUSUN LAHENDONG GEOTHERMAL EDUCATION PARK', '', '', NULL, '4d32b0de38b3464750859aff6531aa25.pdf', 1, '2018-08-19 11:22:31', ''),
(379, 4, 'SK TIM PENYUSUN LAPORAN LOKAKARYA III', '', '', NULL, '7c4eaff9894283b365a50adb5b9d89c3.pdf', 1, '2018-08-19 11:22:31', ''),
(380, 4, 'SK PEMBERHENTIAN DAN PENGANGKATAN ANGGOTA SENAT FATEK 2014-2018', '', '', NULL, '1dc1eb2a036dbbef8f08e17da88b89d5.pdf', 1, '2018-08-19 11:22:31', ''),
(381, 1, 'SK3 090213092 2014', '', '', NULL, '8243e23cb376f9e66364c6a519e66ad3.pdf', 1, '2018-08-19 11:22:31', ''),
(382, 2, 'E-ASIA JOINT RESEARCH PROGRAM', '', '', NULL, '971bb4d6958165c50b262856e9a26dd0.pdf', 1, '2018-08-19 11:22:31', ''),
(383, 3, 'P2M DI DESA TONTALETE 2015', '', '', NULL, '12037753c2fadb8e447cfade247321e7.pdf', 1, '2018-08-19 11:22:31', ''),
(384, 4, 'SERTIFIKAT 2', '', '', NULL, '8902c68e0b591d9e03c36dce483df7d3.pdf', 1, '2018-08-19 11:22:31', ''),
(385, 4, 'SERTIFIKAT 1', '', '', NULL, '398c04c242655b6aacb1cab6a3882b93.pdf', 1, '2018-08-19 11:22:31', ''),
(386, 4, 'SERTIFIKAT', '', '', NULL, '36121b3453dacaaa0e64f2d302366974.pdf', 1, '2018-08-19 11:22:31', ''),
(387, 1, 'SK3 080213083 2014', '', '', NULL, '55c38a4d3584928545ddb0022b30b9e6.pdf', 1, '2018-08-19 11:22:31', ''),
(388, 1, 'SK3 070213050 2014', '', '', NULL, 'fedb2e0846deb390c00501943aa03954.pdf', 1, '2018-08-19 11:22:31', ''),
(389, 1, 'SK3 060213080 2014', '', '', NULL, '8921a6262c785cfe1c5e501012e75992.pdf', 1, '2018-08-19 11:22:31', ''),
(390, 1, 'SK PERPANJANG 080213028 2014', '', '', NULL, '94e785605597d5551bdbdf3382b64a4e.pdf', 1, '2018-08-19 11:22:31', ''),
(391, 1, 'SK3 090213092 2014', '', '', NULL, 'a43284094d3383b0d216a9158ccf1eb2.pdf', 1, '2018-08-19 11:22:31', ''),
(392, 2, 'KARYA ILMIAH PENENTUAN RUTE OPTIMAL...', '', '', NULL, '16bafc11f47065b292fe845856336983.pdf', 1, '2018-08-19 11:22:31', ''),
(393, 3, 'P2M DI DESA TONTALETE 2015', '', '', 2015, '8a59a3c24ca1c6cbb5e4af899450b394.pdf', 1, '2018-08-19 11:22:31', ''),
(394, 4, 'SERTIFIKAT', '', '', NULL, 'd7caf42aa89b1f98fafff960f2ee667e.pdf', 1, '2018-08-19 11:22:31', ''),
(395, 3, 'P2M DI DESA TONTALETE 2015', '', '', 2015, 'b241330ea8b7599d28b5380942bf66f4.pdf', 1, '2018-08-19 11:22:31', ''),
(396, 4, 'SERTIFIKAT', '', '', 2014, '455d8281d35407c8355d56a0aa787b6e.pdf', 1, '2018-08-19 11:22:31', ''),
(398, 1, 'SK3 070213079 2014', '', '', NULL, 'd4d5df991a81e65e95e862ac8cc347dd.pdf', 1, '2018-08-19 11:22:31', ''),
(399, 3, 'P2M DI DESA TONTALETE 2015', '', '', NULL, '4d42c9643cef878d87cf8885b0b13817.pdf', 1, '2018-08-19 11:22:31', ''),
(401, 4, 'SERTIFIKAT', '', '', NULL, '205dfd862d8c2577a59c3efa2942a29d.pdf', 1, '2018-08-19 11:22:31', ''),
(402, 1, 'SK3 060213023 2014', '', '', NULL, '480b92fa6fdec129d9b55c8fbcc75667.pdf', 1, '2018-08-19 11:22:31', ''),
(403, 3, 'SK TIM PENGABDIAN PADA MASYARAKAT MANADO TUA', '', '', NULL, '13baecc3743f0ee4a5512a2006da52c6.pdf', 1, '2018-08-19 11:22:31', ''),
(404, 3, 'P2M DI DESA TONTALETE 2015', '', '', NULL, '5f288e53938ca5c86709f74e6c0eb06c.pdf', 1, '2018-08-19 11:22:31', ''),
(405, 1, 'SK3 060213042 2014', '', '', NULL, '9cdeb1209843efebb6bda334cb5124d6.pdf', 1, '2018-08-19 11:22:31', ''),
(406, 3, 'P2M DI DESA TONTALETE 2015', '', '', NULL, 'c43a14f49cad03e39eca5600586928bc.pdf', 1, '2018-08-19 11:22:31', ''),
(407, 4, 'SERTIFIKAT', '', '', NULL, 'efccf2bb3b8eb0ae52f0ec89ccb676eb.pdf', 1, '2018-08-19 11:22:31', ''),
(408, 3, 'SK TIM PENGABDIAN GEREJA PANTEKOSTA TABERNAKEL', '', '', NULL, '381795b907119d89cd62723c72ad052e.pdf', 1, '2018-08-19 11:22:31', ''),
(409, 3, 'SK TIM PENGABDIAN PADA GPSDI JEMAAT ALFA OMEGA WANEA', '', '', NULL, '8654defafd347d4c82d36ed18832166c.pdf', 1, '2018-08-19 11:22:31', ''),
(410, 2, 'MICROCONTROLLER-BASED', '', '', NULL, '2cb6b5375e98291dc0ea40188f314023.pdf', 1, '2018-08-19 11:22:31', ''),
(411, 3, 'P2M DI DESA TONTALETE 2015', '', '', NULL, 'ed7199130dd9ceab1daad7fb603db20a.pdf', 1, '2018-08-19 11:22:31', ''),
(412, 4, 'SERTIFIKAT', '', '', NULL, 'cab2d4e9436fc0240abdd2c4bde6da9a.pdf', 1, '2018-08-19 11:22:31', ''),
(413, 4, 'SK KEANGGOTAAN SENAT FATEK', '', '', NULL, 'b30b568f7082c8a8bb11c2100cdd4be0.pdf', 1, '2018-08-19 11:22:31', ''),
(414, 1, 'SK PERPANJANG 060213044 2014', '', '', NULL, '3390e16e1db42e56d63487d44587155e.pdf', 1, '2018-08-19 11:22:31', ''),
(415, 4, 'SK TIM PENGELOLA BADAN KONSULTAN...', '', '', NULL, 'ac2b081d39a677682895c4fabf56ef73.pdf', 1, '2018-08-19 11:22:31', ''),
(416, 3, 'P2M DI DESA TONTALETE 2015', '', '', 2015, 'b7b3a4a211ffd184409fa966924da275.pdf', 1, '2018-08-19 11:22:31', ''),
(417, 4, 'SERTIFIKAT 2', '', '', NULL, '5e6f250c41b119fe28b502052ef0099b.pdf', 1, '2018-08-19 11:22:31', ''),
(418, 4, 'SERTIFIKAT 1', '', '', NULL, 'f1dd0674ca0876933862c566ac91c3c5.pdf', 1, '2018-08-19 11:22:31', ''),
(419, 1, 'SK3 080213083 2014', '', '', NULL, '3950831c4cd5c2dcc5394de70596278a.pdf', 1, '2018-08-19 11:22:31', ''),
(420, 1, 'SK1 070213077 2013', '', '', NULL, '9138d08149b28eecbdc6050141eab694.pdf', 1, '2018-08-19 11:22:31', ''),
(421, 1, 'SK3 070213050 2014', '', '', NULL, 'b2938143e4d94764418e16e1b32af4e9.pdf', 1, '2018-08-19 11:22:31', ''),
(422, 4, 'SK TIM PENERBIT JURNAL', '', '', NULL, '28792d2afc5e461e5e485a908eee44c5.pdf', 1, '2018-08-19 11:22:31', ''),
(423, 4, 'SK TIM PERSIAPAN AKREDITASI', '', '', NULL, 'edbcb4edac05e5e72c0c2965e911a613.pdf', 1, '2018-08-19 11:22:31', ''),
(424, 4, 'SK PENETAPAN TIM PROMOSI', '', '', NULL, 'c7be78e18b04057f1a8c677a6eff4a78.pdf', 1, '2018-08-19 11:22:31', ''),
(425, 4, 'SK PEMBERHENTIAN DAN PENGANGKATAN KEPALA LAB.', '', '', NULL, 'b359fefe6fe9dd3e47e7b61f584f097f.pdf', 1, '2018-08-19 11:22:31', ''),
(426, 1, 'SK3 070213079 2014', '', '', NULL, '30d19e59001065c5b75e3c334a37afb2.pdf', 1, '2018-08-19 11:22:31', ''),
(427, 1, 'SK PERPANJANG 060213044 2014', '', '', NULL, 'e48c2b2907437cf2ea10a09f1c68d8b8.pdf', 1, '2018-08-19 11:22:31', ''),
(428, 2, 'E-JOURNAL TEKNIK ELEKTRO DAN KOMPUTER', '', '', NULL, '236e322d2bc85d3e47485fcc63abb392.pdf', 1, '2018-08-19 11:22:31', ''),
(429, 3, 'P2M DI DESA TONTALETE 2015', '', '', NULL, '46e654142ddf5e9b45eff7f9e16d30fc.pdf', 1, '2018-08-19 11:22:31', ''),
(430, 3, 'TIM PENGABDIAN PERMOHONAN BANTUAN TEKNIS', '', '', NULL, '267a5d311b38e772bbdccdd894ff2a06.pdf', 1, '2018-08-19 11:22:31', ''),
(431, 2, 'SEMINAR SISTEM TELEKOMUNIKASI DAN INFORMASI', '', '', NULL, 'ef2641c24b229c04d02b0758a7418104.pdf', 1, '2018-08-19 11:22:31', ''),
(432, 4, 'SERTIFIKAT', '', '', NULL, '47db79e4ee4fb49421c6828ece7c2cc8.pdf', 1, '2018-08-19 11:22:31', ''),
(433, 4, 'SK PENGANGKATAN PANITIA PEMERIKSA HASIL PENGADAAN...', '', '', NULL, '1a883430f1e1c8195972e57e95bf2650.pdf', 1, '2018-08-19 11:22:31', ''),
(434, 4, 'SK PENGANGKATAN PANITIA PENERIMA HASIL BARANG-JASA', '', '', NULL, '871e0589ef8714b9fb3a5ef11fd5d447.pdf', 1, '2018-08-19 11:22:31', ''),
(435, 4, 'SK PEMBERHENTIAN DAN PENGANGKATAN KEPALA LAB.', '', '', NULL, '816fc46562c1ff7b948ae2c4ace750d7.pdf', 1, '2018-08-19 11:22:31', ''),
(436, 3, 'P2M DI DESA TONTALETE 2015', '', '', NULL, '473ea420cc17eb9da5c446cf4ce60398.pdf', 1, '2018-08-19 11:22:31', ''),
(437, 4, 'SERTIFIKAT', '', '', NULL, '4c5fe40cf9a2a3e3ff33e8dd10a2a8aa.pdf', 1, '2018-08-19 11:22:31', ''),
(438, 1, 'SK3 080213042 2014', '', '', NULL, '47f032f9190282540a5d3c37644fcf58.pdf', 1, '2018-08-19 11:22:31', ''),
(439, 1, 'SK PERPANJANG 060213051 2014', '', '', NULL, 'a6d32827dcba912a7c53069707567527.pdf', 1, '2018-08-19 11:22:31', ''),
(440, 1, 'SK2 060213020 2014', '', '', NULL, 'cf7894182ee5caec0d0ba2fe8999c803.pdf', 1, '2018-08-19 11:22:31', ''),
(441, 1, 'SK PERPANJANG 060213011 2014', '', '', NULL, '2b7584dab20587fd246507c3ef097252.pdf', 1, '2018-08-19 11:22:31', ''),
(442, 1, 'SK3 060213023 2014', '', '', NULL, 'f07bb9a4b5c9ac88e500169966d2e3be.pdf', 1, '2018-08-19 11:22:31', ''),
(443, 1, 'SK2 060213021 2014', '', '', NULL, '2a42673a7457d6357983e589ea58408b.pdf', 1, '2018-08-19 11:22:31', ''),
(444, 1, 'SK3 060213042 2014', '', '', NULL, '894ab427c55b2e28956bf1523d0d838f.pdf', 1, '2018-08-19 11:22:31', ''),
(445, 2, 'JURNAL TEKNIK ELEKTRO DAN KOMPUTER', '', '', NULL, 'cc2fcab598fd6d876ab738f82cb04319.pdf', 1, '2018-08-19 11:22:31', ''),
(446, 3, 'LAPORAN PENGABDIAN DI SMK 2 N MANADO', '', '', NULL, 'da257f4188ff1807de8b87f2fffbf08b.pdf', 1, '2018-08-19 11:22:31', ''),
(447, 3, 'P2M DI DESA TONTALETE 2015', '', '', NULL, 'a6f3b8cae04f477561a33f48baa5374e.pdf', 1, '2018-08-19 11:22:31', ''),
(448, 2, 'PENELITIAN MANDIRI PEMROGRAMAN ROBOT PENARI TARI LENGONG', '', '', NULL, '14e0b0d7f0cb28edc0e76d36db49d42d.pdf', 1, '2018-08-19 11:22:31', ''),
(449, 4, 'SERTIFIKAT', '', '', NULL, '65395d5202527d67e1a62f4baedbcb91.pdf', 1, '2018-08-19 11:22:31', ''),
(450, 4, 'SERTIFIKAT', '', '', NULL, '1e5b80d9449815ff3152c9b2eb3f9032.pdf', 1, '2018-08-19 11:22:31', ''),
(451, 1, 'SK3 070213050 2014', '', '', NULL, '1d70cb3fbebc43af3c3a804b6379ec22.pdf', 1, '2018-08-19 11:22:31', ''),
(452, 1, 'SK3 060213080 2014', '', '', NULL, 'c874b2e54d1162928eabbbbc9b730dde.pdf', 1, '2018-08-19 11:22:31', ''),
(453, 1, 'SK3 070213009 2014', '', '', NULL, 'a834d2aadad58f3d93f4e0cb9a8abe3f.pdf', 1, '2018-08-19 11:22:31', ''),
(454, 3, 'SK TIM PENGABDIAN PADA GPSDI JEMAAT ALFA OMEGA WANEA', '', '', NULL, '43b026b2715f48347698adf169ca91fa.pdf', 1, '2018-08-19 11:22:31', ''),
(455, 1, 'SK PERPANJANG 080213028 2014', '', '', NULL, 'adbce982f3ab145433b50d5861276695.pdf', 1, '2018-08-19 11:22:31', ''),
(456, 3, 'P2M DI DESA TONTALETE 2015', '', '', 2015, 'f04b38f3af9a24538c0ca877f489b1c8.pdf', 1, '2018-08-19 11:22:31', ''),
(457, 4, 'SERTIFIKAT', '', '', NULL, 'cee3093e5cddc8c98c1a51feeb751e94.pdf', 1, '2018-08-19 11:22:31', ''),
(458, 4, 'SK TIM PENERBIT JURNAL INFORMATIKA', '', '', NULL, 'fe2435f58f099dd4e85a9219146aed3e.pdf', 1, '2018-08-19 11:22:31', ''),
(459, 4, 'SK TIM PENGELOLA E-LEARNING CENTER & WEBSITE', '', '', NULL, 'a089281e6cb2d0302b059d9fea52cc7b.pdf', 1, '2018-08-19 11:22:31', ''),
(460, 3, 'P2M DI DESA TONTALETE 2015', '', '', NULL, '50304b6cbd87b2120e9b95dff14c60fc.pdf', 1, '2018-08-19 11:22:31', ''),
(461, 4, 'SERTIFIKAT', '', '', NULL, '94fb42102fb88f61e419d185b1c50c8e.pdf', 1, '2018-08-19 11:22:31', ''),
(462, 1, 'SK3 060213023 2014', '', '', NULL, '11824604746091dbb44bc969556f403e.pdf', 1, '2018-08-19 11:22:31', ''),
(463, 1, 'SK3 0602145022 2014', '', '', NULL, '982c2d253f9682e6b1140ec8c14d8512.pdf', 1, '2018-08-19 11:22:31', ''),
(464, 4, 'SK PEMBENTUKAN PANITIA NATAL', '', '', NULL, 'aa7aa2fee8fa7b5e147339dc32c234f2.pdf', 1, '2018-08-19 11:22:31', ''),
(465, 1, 'SK3 060213042 2014', '', '', NULL, 'bcd8f4008b757320b4f4d776df3fd18a.pdf', 1, '2018-08-19 11:22:31', ''),
(466, 3, 'P2M DI DESA TONTALETE 2015', '', '', NULL, 'a71bed7671831c5229f6b957a05193b7.pdf', 1, '2018-08-19 11:22:31', ''),
(467, 4, 'SERTIFIKAT', '', '', NULL, '98794ef8c951ff9ca3116363478f3cf2.pdf', 1, '2018-08-19 11:22:31', ''),
(468, 1, 'SK3 060213080 2014', '', '', NULL, '04199494df29cee0f47f665e0b2bda9e.pdf', 1, '2018-08-19 11:22:31', ''),
(469, 1, 'SK3 070213079 2014', '', '', NULL, '9e222cc988bfd49d055c40f3318510e5.pdf', 1, '2018-08-19 11:22:31', ''),
(470, 1, 'SK PERPANJANG 080213028 2014', '', '', NULL, '6ac557f8eb6fbe8c14d830d141d854e4.pdf', 1, '2018-08-19 11:22:31', ''),
(471, 1, 'SK3 090213092 2014', '', '', NULL, 'f6f3c0d6a104aeb5ca4e5e7ea75be3af.pdf', 1, '2018-08-19 11:22:31', ''),
(472, 4, 'SK TIM PENELITIAN MANDIRI', '', '', NULL, 'a093293fa5a0160b99a55a262df97db9.pdf', 1, '2018-08-19 11:22:31', ''),
(473, 4, 'SK TIM PENYUSUN BUKU PANDUAN', '', '', NULL, 'b069546b98a6dd85206b4519c45cac74.pdf', 1, '2018-08-19 11:22:31', ''),
(474, 4, 'SK TIM PERSIAPAN AKREDITASI', '', '', NULL, '425daaf8b728789d847364a8494941f0.pdf', 1, '2018-08-19 11:22:31', ''),
(475, 3, 'SK TIM PENGABDIAN PADA GPSDI JEMAAT ALFA OMEGA WANEA', '', '', NULL, '6c0896168f2b56a9bb9fca48626e0b45.pdf', 1, '2018-08-19 11:22:31', ''),
(476, 3, 'P2M DI DESA TONTALETE 2015', '', '', NULL, 'aab0acd68eaa7805813a952c16754dbc.pdf', 1, '2018-08-19 11:22:31', ''),
(477, 3, 'P2M DI DESA TONTALETE 2015', '', 'SK Dekan No. 02/UN12.7/PP/2015', 2015, '123b0bdb2602e8c873653030f44c104f.pdf', 1, '2018-08-19 11:22:31', ''),
(481, 4, 'Cover Depan Prosiding SSTI', '', 'Seminar Sistem Telekomunikasi dan Informasi 2014', 2014, '7a31b61aff904cd6b78008d2eb76d6a9.pdf', 1, '2018-08-19 11:22:31', ''),
(482, 4, 'Sertifikat Workshop Blogging', '', 'Workshop Blogging JiKTI Sulawesi Utara 2014', 2014, '5983f8426f830228a0909a2dbe8da2cd.pdf', 1, '2018-08-19 11:22:31', ''),
(483, 4, 'SERTIFIKAT', '', '', NULL, 'e4ed2b69b7667fa71d0c6af3c43080c9.pdf', 1, '2018-08-19 11:22:31', ''),
(484, 3, 'SK PEMBENTUKAN TIM PENGABDIAN (GMIM BAITEL RANOIAPO)', '', '', NULL, 'bd308676a967c5a5d799cf0d9e30392f.pdf', 1, '2018-08-19 11:22:31', ''),
(485, 4, 'SK PEMBERHENTIAN DAN PENGANGKATAN KEPALA LAB.', '', '', NULL, '3c3ad3afc9998c2f6cf7f03d8ee5178e.pdf', 1, '2018-08-19 11:22:31', ''),
(486, 4, 'SK PENGANGKATAN KELOMPOK TENAGA FUNGSIONAL', '', '', NULL, '67bc11e3a4145109911088f6650cefab.pdf', 1, '2018-08-19 11:22:31', ''),
(487, 2, 'TSSA 2014', '', '', NULL, 'c4025562cc88115d04320e3490f7e32d.pdf', 1, '2018-08-19 11:22:31', ''),
(488, 1, 'SK2 090213006 2014', '', 'SK 2 atas nama Edwina Pusparini', 2014, 'e4c79828dbe6660ac772f0698c709144.pdf', 1, '2018-08-19 11:22:31', ''),
(489, 1, 'SK2 0802135143 2014', '', 'An. Maureen Kereh', 2014, '14c493f33ab1d0559df22a787c988de6.pdf', 1, '2018-08-19 11:22:31', ''),
(490, 1, 'SK3 100216028 2014', '', '', NULL, 'ef6b6abae9e6ace6f5ee1a6ec14dd2f6.pdf', 1, '2018-08-19 11:22:31', ''),
(491, 1, 'SK3 070213068 2014', '', '', NULL, 'e8dba8e073bcf5b8eac4a4d872555043.pdf', 1, '2018-08-19 11:22:31', ''),
(492, 1, 'SK1 100216047 2014', '', '', NULL, '974b2589302d6365976bda0e4ca7366b.pdf', 1, '2018-08-19 11:22:31', ''),
(493, 1, 'SK3 090213050 2014', '', '', NULL, 'd5817abf15c465da53c1f8180b726aab.pdf', 1, '2018-08-19 11:22:31', ''),
(494, 4, 'TIM KERJA SINODE GMIM', '', '', NULL, '3654c417ef055b04941dbc6590a33420.pdf', 1, '2018-08-19 11:22:31', ''),
(495, 1, 'WORKSHOP PERAN TIK', '', '', NULL, '3566c6ed3d55135e12c5349b8ff79449.pdf', 1, '2018-08-19 11:22:31', ''),
(496, 1, 'SK2 100216076 2014', '', '', NULL, '7d58cc0347cacffa9614df69ca2b5132.pdf', 1, '2018-08-19 11:22:31', ''),
(497, 1, 'SK2 100216034 2014', '', '', NULL, '1452ac72990d0197c40b5c4d571304f5.pdf', 1, '2018-08-19 11:22:31', ''),
(498, 1, 'SK3 100216061 2014', '', '', NULL, 'b0eeb84bbbbfa6b9146bd0fe5299301a.pdf', 1, '2018-08-19 11:22:31', ''),
(499, 1, 'SK2 080213095 2014', '', '', NULL, 'edee7c3337d0598ff739c5fbd55909fe.pdf', 1, '2018-08-19 11:22:31', ''),
(500, 1, 'SK1 100216047 2014', '', '', NULL, 'ffe146a324cbdd8838c2a30ecab13b3e.pdf', 1, '2018-08-19 11:22:31', ''),
(501, 3, 'P2M DI DESA TONTALETE 2015', '', '', NULL, 'adee603d5f4fd7a1affb8c9116fa2ab4.pdf', 1, '2018-08-19 11:22:31', ''),
(502, 4, 'SERTIFIKAT', '', '', NULL, '7972b5a5ad09df5e2dd22d8945444fd5.pdf', 1, '2018-08-19 11:22:31', ''),
(503, 2, 'TSSA 2014', '', '', NULL, '1d39c677e8cb6e801744b86b467705ff.pdf', 1, '2018-08-19 11:22:31', ''),
(504, 1, 'Sertifikat Pendidik (Serdos)', '', 'Sertifikat an, Xaverius Najoan', 2016, '55ab37d2f6851fd7c0fcc87789a3d938.jpg', 1, '2018-08-19 11:22:31', ''),
(505, 1, 'IJAZAH S2', '', '', 2016, 'cd652ae91afce10366f3c7c62f5fdfc3.jpg', 1, '2018-08-19 11:22:31', ''),
(506, 5, 'TRANSKRIP', '', 'Transkrip Akademik Program Pendidikan Magister', 2016, '0eab67cb8652455eff531900410349d5.pdf', 1, '2018-08-19 11:22:31', ''),
(507, 6, 'Sertifikat Pendidik', '', 'Sertifikat Dosen Pendidik Profesional', 2016, 'a32d4c37449229e5b515af9d79671519.pdf', 1, '2018-08-19 11:22:31', ''),
(508, 6, 'SK IIIc', '', 'SK Penata IIIc No. 2108/A2.3/KP/2016', 2016, '370bdbf19d6f3e38897c6868874f9200.pdf', 1, '2018-08-19 11:22:31', ''),
(509, 6, 'SK Lektor', '', '', 2015, '2ad401a0e093da8c17e8b12076ab112c.pdf', 1, '2018-08-19 11:22:31', ''),
(510, 1, 'SK 2  No. 1003/UN12.7/LL/2015', '', 'SK 2 Edvin Batuwael', 2015, 'c45ee08db072bd6398ca404d7e513572.pdf', 0, '2018-08-19 11:22:31', ''),
(511, 1, 'IJAZAH S3', '', 'ENGLISH', 2015, '71120fb88ff22eb4444303035210c097.pdf', 1, '2018-08-19 11:22:31', ''),
(512, 1, 'IJAZAH S3', '', 'JAPAN', 2015, 'efcf0ed21976e82f1ad0acca04abb857.pdf', 1, '2018-08-19 11:22:31', ''),
(513, 6, 'SK Guru Besar', '', 'No.:59910/A2.7/KP/2006 tanggal 31 Agustus 2006', 2006, '77766304a512258656700ccc06b733ec.pdf', 1, '2018-08-19 11:22:31', ''),
(514, 6, 'SK IVd', '', 'SK Presiden RI No.: 103/K tahun 2012 tanggal 10 Desember 2012', 2012, 'd3a052f69d08c6188eea45dcbd16ada4.pdf', 1, '2018-08-19 11:22:31', ''),
(515, 5, 'Ijazah S2', '', 'Master of Science in Renewable Energy, Murdoch University, Perth, Western Australia, 11 August 2010', 2010, '60b49de5f447e3e5d0e1b1dbeb00e192.jpg', 1, '2018-08-19 11:22:31', ''),
(516, 5, 'SK Penyetaraan Ijazah', '', 'SK penetapan hasil penilaian ijazah pendidikan tinggi lulusan luar negeri oleh Dirjen Dikti Kemendiknas RI No. 2310/Dikti/Kep/IJLN/2010, tanggal 16 November 2010, ditandatangani oleh Direktur Akademik Dirjen Dikti Dr. Ir. Illah Sailah, M.S.', 2010, '17e62767623861b08d0502099c505dd9.jpg', 1, '2018-08-19 11:22:31', ''),
(517, 5, 'Ijazah S1', '', 'Ijazah S1 pada Program Studi Teknik Mesin, tanggal 26 Juli 2003', 2003, 'a47ec3cc5c4abca8d78ed2966b848d77.jpg', 1, '2018-08-19 11:22:31', ''),
(518, 6, 'SK CPNS', '', 'Nomor 4133/A2/KP/2005, tanggal SK 21 Februari 2005, TMT 1 Januari 2005\r\na.n. Menteri Pendidikan Nasional, Kepala Bagian Pengangkatan Dalam Jabatan, Biro Kepegawaian Sekretariat Jenderal, Dra. Garti Sri Utami, M.Ed', 2005, '2db1a372ebf7364afc017abcc23054a1.jpg', 1, '2018-08-19 11:22:31', ''),
(519, 6, 'SK Penata Muda/IIIa', '', 'No SK 1313/J12.15/KP/2005, tanggal 30 Desember 2005, TMT 1 Januari 2006, a.n. Menteri Pendidikan Nasional, Kepala Biro Administrasi Umum dan Keuangan UNSRAT, Elsje Christiane Kambey, SH', 2005, 'e21a7a5e6f4ca964db0b58adb3acf694.jpg', 1, '2018-08-19 11:22:31', ''),
(520, 6, 'SK Penata Muda Tingkat I/IIIb', '', 'Nomor 169728/A4.3/KP/2014, tanggal 17 Oktober 2014, TMT 01-10-2014, a.n. Menteri Pendidikan dan Kebudayaan Kepala Bagian Mutasi Dosen Biro Kepegawaian, Taufan Sudrajat, S.E., M.Si.', 2014, '73af8c69e5ef3b1d11ce4a8b05df43c0.jpg', 1, '2018-08-19 11:22:31', ''),
(521, 6, 'SK jabatan Asisten Ahli', '', 'Nomor 1099/J12/KP/2006', 2006, 'ebcf42ea87b973c78d0e7a2caedda278.jpg', 1, '2018-08-19 11:22:31', ''),
(522, 1, 'SK jabatan Lektor', '', 'Nomor 1598/UN12/KP/2013, tanggal 31 Juli 2013, TMT 1 Agustus 2013, a.n. Menteri Pendidikan dan Kebudayaan, Rektor Unsrat, Donald A. Rumokoy', 2013, '0eb75166cd9c1b61d11fe2536f702ea1.pdf', 1, '2018-08-19 11:22:31', ''),
(523, 1, 'Ijazah S1', '', '', 2016, '4db91cf2ad6e4d11d7d8142ab7f739fa.jpg', 1, '2018-08-19 11:22:31', ''),
(524, 3, 'SURAT PENUNJUKKAN BAIT-EL', '', '', 2017, '16dcdab1db33177d1229ab848145f581.pdf', 1, '2018-08-19 11:22:31', ''),
(525, 3, 'SURAT PENUNJUKKAN BAIT-EL', '', '', 2017, '7b72b4612f07d3c3a734b8742c9e7919.pdf', 1, '2018-08-19 11:22:31', ''),
(526, 3, 'SURAT PENUNJUKKAN BAIT-EL', '', '', 2017, '937944b2767e908d1ff6d964d4b314d5.pdf', 1, '2018-08-19 11:22:31', ''),
(527, 3, 'SURAT PENUNJUKKAN BAIT-EL', '', '', 2017, 'b5addde8b96e342e610bb440c772fa37.pdf', 1, '2018-08-19 11:22:31', ''),
(528, 3, 'SURAT PENUNJUKKAN BAIT-EL', '', '', 2017, '708997b9ccf320671b5033f19ad9b19a.pdf', 1, '2018-08-19 11:22:31', '');
INSERT INTO `ft_dokumen` (`dokumenId`, `dokumenDocgroupId`, `dokumenNama`, `dokumenNomor`, `dokumenDeskripsi`, `dokumenTahun`, `dokumenFile`, `dokumenIsPersonalDoc`, `tglUpdate`, `userUpdate`) VALUES
(529, 3, 'SURAT PENUNJUKKAN BAIT-EL', '', '', 2017, 'd006cb6f8772d1062d9114fca88e9787.pdf', 1, '2018-08-19 11:22:31', ''),
(530, 3, 'SURAT PENUNJUKKAN BAIT-EL', '', '', 2017, '6c312ca72e4831e60755c71546a4761c.pdf', 1, '2018-08-19 11:22:31', ''),
(531, 1, 'SURAT PENUNJUKKAN BAIT-EL', '', '', 2017, '55b050c94d4eae2725c82f16d0d91897.pdf', 1, '2018-08-19 11:22:31', ''),
(533, 3, 'SURAT PENUNJUKKAN BAIT-EL', '', '', 2017, 'ad44df80328534cabb276cdac2636c31.pdf', 1, '2018-08-19 11:22:31', ''),
(534, 3, 'SURAT PENUNJUKKAN BAIT-EL', '', '', 2017, '838cf02317b472667968debba8f4e512.pdf', 1, '2018-08-19 11:22:31', ''),
(535, 3, 'SURAT PENUNJUKKAN BAIT-EL', '', '', 2017, 'b19a8ceb1bf7a3f18b90abeb7f6e707d.pdf', 1, '2018-08-19 11:22:31', ''),
(536, 3, 'SURAT PENUNJUKKAN BAIT-EL', '', '', 2017, 'd0506a9e234d035d10026889f236454a.pdf', 1, '2018-08-19 11:22:31', ''),
(537, 3, 'SURAT PENUNJUKKAN BAIT-EL', '', '', 2017, '26e9152bf6c684aa58502f3480a7b4a4.pdf', 1, '2018-08-19 11:22:31', ''),
(538, 3, 'SURAT PENUNJUKKAN BAIT-EL', '', '', 2017, '4e3890cba6a0fd69a81940d6750888b6.pdf', 1, '2018-08-19 11:22:31', ''),
(539, 3, 'SURAT PENUNJUKKAN BAIT-EL', '', '', 2017, 'd311179776d8cdd7e0f8174fd4e08faa.pdf', 1, '2018-08-19 11:22:31', ''),
(541, 1, 'KRS  Semester Genap    2016 / 2017 ,     Nama : Claudia B. Takapente           NIM  :  14021106122', '', '', 2017, 'e5a22539bdd75cb6337309cb67b470a7.pdf', 1, '2018-08-19 11:22:31', ''),
(542, 1, 'SK PNS', '', '', 2014, 'bd7c25ea465472faef383b6ba95abf7e.pdf', 1, '2018-08-19 11:22:31', ''),
(543, 1, 'SK CPNS', '', '', 2012, 'c1a6e6b71d7cf124c16d4e01fcdd0864.pdf', 1, '2018-08-19 11:22:31', ''),
(544, 1, 'AKTE KELAHIRAN', '', '', 1980, '909fc19d1a3ecf704c8d23dde745d2c4.pdf', 1, '2018-08-19 11:22:31', ''),
(545, 1, 'RIWAYAT PEKERJAAN', '', '', 2015, '65569254d7c71a8446b62235d2634afd.pdf', 1, '2018-08-19 11:22:31', ''),
(548, 1, 'PENETAPAN JABATAN FUNGSIONAL', '', '', 2016, '5edfa1dd513bbcc5a476292bb331ed47.pdf', 1, '2018-08-19 11:22:31', ''),
(549, 1, 'Absen dan DPNA  Semester Ganjil  2016/2017 M.K  Perancangan PCB kode: ELC-7204', '', '', 2016, 'bdca1a56b4dd5aa72abbaeec318b7136.pdf', 1, '2018-08-19 11:22:31', ''),
(550, 1, 'Absen dan DPNA M.K Elektronika Industri kode: ELC-7203 sem. Ganjil 2016/2017', '', '', 2016, '97c2eda0f63915e4724de7353c2bc420.pdf', 1, '2018-08-19 11:22:31', ''),
(551, 1, 'Absen dan DPNA M.K Praktikum Elektronikla Analog ( EC-5221 ) Sem: Ganjil 2016/2017', '', '', 2016, 'b0fe049d42ed706d5cccaf667064f3fa.pdf', 1, '2018-08-19 11:22:31', ''),
(552, 1, 'Absen dan DPNA M.K  Elektronika Analog ( 5201 ) sem. Ganjil 2016/2017', '', '', 2016, '57e0b1dbdfdad951f8f6aedc75a61efa.pdf', 1, '2018-08-19 11:22:31', ''),
(553, 1, 'Absen dan DPNA M.K Elektronika Industri ( EC-5202 ) Sem. Ganjil  2016/2017', '', '', 2016, '677e20b671b9563780189c3d622724ad.pdf', 1, '2018-08-19 11:22:31', ''),
(554, 1, 'Absen dan DPNA M.K  Perancangan PCB ( EC-72 03) Sem. Ganjil 2016/2017', '', '', 2016, '55d499794f73c4cd7352936a303969b4.pdf', 1, '2018-08-19 11:22:31', ''),
(555, 1, 'Sertifikat Seminar Nasional Keteknikan', '', '', 2016, '42ca407b44120548c593ac37ccc75485.pdf', 1, '2018-08-19 11:22:31', ''),
(556, 1, 'LKD  Semester   Gasal     2016/2017', '', '', 2016, 'fe2683eabee916cf5ae7f45f288e9dba.pdf', 1, '2018-08-19 11:22:31', ''),
(557, 1, 'SK  Mengajar Semester Ganjil  2016/2017  Jurusan Elektro', '', '', 2017, 'be5ec8f493c0a44650fcf2ee71bedd99.pdf', 1, '2018-08-19 11:22:31', ''),
(558, 1, 'SK Pembimbingan  A.n   Abdurraziq Bachmid', '', '', 2016, '4181a5efb9e74465326308bb7d8edfeb.pdf', 1, '2018-08-19 11:22:31', ''),
(559, 1, 'SK  Pembimbingan   A.n  Geraldo  Manus', '', '', 2016, '42d8d9f3cdffeb9cc73683e300bcf775.pdf', 1, '2018-08-19 11:22:31', ''),
(560, 1, 'Tim Pengabdian di Kabupaten Minahasa Selatan', '', '', 2016, '2709be3ee4b1f8e38dec7479a1adf7a1.pdf', 1, '2018-08-19 11:22:31', ''),
(561, 1, 'SK Pembimbingan Semester Genap Tahun akademik  2015/2016', '', '', 2016, '2c1ff067f4b24f90a1172aa9df109520.pdf', 1, '2018-08-19 11:22:31', ''),
(562, 1, 'Daftar Hadir pembimbingan  rein pukoliwutang', '', '', 2016, '11de40f204136f2a8d0a68de21a5880e.pdf', 1, '2018-08-19 11:22:31', ''),
(563, 4, 'Akte Nikah', '', '', 2012, '18872d7349884c6c4b0b8e7e3b6dfe37.pdf', 1, '2018-08-19 11:22:31', ''),
(564, 1, 'kartu elektronik', '', '', 2017, '7e6fece4fa1bafb55b4a66ebd6a13470.pdf', 1, '2018-08-19 11:22:31', ''),
(565, 1, 'KTP', '', '', 2017, 'ef1c9421f4ac1646c24780fc71d85532.jpg', 1, '2018-08-19 11:22:31', ''),
(566, 1, 'NPWP', '', '', 2017, '4237a27d5ef4b2a8b4798d98df0211bf.pdf', 1, '2018-08-19 11:22:31', ''),
(567, 1, 'Sertifikat Dosen', '', '', 2017, 'ace419d2f1112e095f28525c3a37506b.jpg', 1, '2018-08-19 11:22:31', ''),
(568, 1, 'Sertifikat Learning', '', '', 2017, 'db6945763b2dc496c3f8f1943b2dea56.pdf', 1, '2018-08-19 11:22:31', ''),
(569, 1, 'Sertifikat Pekerti', '', '', 2017, '372b3de684b7a0ae30756f2cd16186fc.pdf', 1, '2018-08-19 11:22:31', ''),
(570, 1, 'Ijasah S1', '', '', 2017, 'ccea9bf8cc9ce72154780a1b53b96140.pdf', 1, '2018-08-19 11:22:31', ''),
(571, 1, 'Ijasah S3   Doktor', '', '', 2015, '9410acf03926344f5fb6a9d69518ef75.pdf', 1, '2018-08-19 11:22:31', ''),
(575, 6, 'SK CPNS', '', 'SK CPNS', 2000, '421260645e19ca929cee9558443a4486.jpg', 1, '2018-08-19 11:22:31', ''),
(576, 5, 'Ijasah S3', '', 'Pukyong National University, Korea Selatan', 2012, '902e3180a3952c1e978a9f245085008a.jpg', 1, '2018-08-19 11:22:31', ''),
(577, 5, 'Serdos', '', 'Sertifikasi Dosen', 2013, '004cb54b0ec9630511cbea4765913865.jpg', 1, '2018-08-19 11:22:31', '');

-- --------------------------------------------------------

--
-- Table structure for table `ft_dokumen_user`
--

CREATE TABLE `ft_dokumen_user` (
  `dokumenId` int(11) NOT NULL,
  `userId` varchar(255) NOT NULL
) ENGINE=InnoDB DEFAULT CHARSET=latin1;

--
-- Dumping data for table `ft_dokumen_user`
--

INSERT INTO `ft_dokumen_user` (`dokumenId`, `userId`) VALUES
(98, '196705101997021001'),
(99, '196705101997021001'),
(100, '196705101997021001'),
(101, '196705101997021001'),
(102, '196705101997021001'),
(103, '196705101997021001'),
(104, '196705101997021001'),
(105, '196705101997021001'),
(106, '196705101997021001'),
(107, '196705101997021001'),
(108, '196705101997021001'),
(109, '196705101997021001'),
(110, '196410281994121001'),
(111, '196410281994121001'),
(112, '196410281994121001'),
(113, '196410281994121001'),
(114, '197303292005012001'),
(115, '197303292005012001'),
(116, '197303292005012001'),
(117, '197303292005012001'),
(118, '197303292005012001'),
(120, '197303292005012001'),
(121, '197304172000031001'),
(122, '197304172000031001'),
(123, '197304172000031001'),
(124, '197304172000031001'),
(125, '197304172000031001'),
(126, '197304172000031001'),
(127, '198105262005011002'),
(128, '198105262005011002'),
(129, '198105262005011002'),
(130, '198105262005011002'),
(131, '198105262005011002'),
(132, '198105262005011002'),
(133, '198105262005011002'),
(134, '195905131985021001'),
(135, '195905131985021001'),
(136, '195905131985021001'),
(137, '195905131985021001'),
(138, '195905131985021001'),
(139, '195905131985021001'),
(140, '195905131985021001'),
(141, '195905131985021001'),
(142, '195905131985021001'),
(143, '195905131985021001'),
(144, '195905131985021001'),
(145, '195905131985021001'),
(146, '195905131985021001'),
(147, '196610161997021001'),
(148, '196610161997021001'),
(149, '196610161997021001'),
(151, '196610161997021001'),
(152, '197507292006041001'),
(153, '197507292006041001'),
(154, '197507292006041001'),
(155, '197507292006041001'),
(156, '197507292006041001'),
(157, '197507292006041001'),
(158, '197507292006041001'),
(159, '197507292006041001'),
(160, '197507292006041001'),
(161, '197507292006041001'),
(162, '197507292006041001'),
(163, '196910071998031002'),
(164, '196910071998031002'),
(165, '196910071998031002'),
(166, '196910071998031002'),
(167, '196910071998031002'),
(168, '196910071998031002'),
(169, '196910071998031002'),
(171, '196910071998031002'),
(172, '196001011989101001'),
(173, '196001011989101001'),
(174, '196001011989101001'),
(175, '196001011989101001'),
(176, '196001011989101001'),
(177, '196001011989101001'),
(178, '197611212003122001'),
(179, '197611212003122001'),
(180, '197611212003122001'),
(181, '197611212003122001'),
(182, '197611212003122001'),
(183, '197611212003122001'),
(184, '197611212003122001'),
(185, '197611212003122001'),
(186, '197611212003122001'),
(187, '197611212003122001'),
(188, '197611212003122001'),
(191, '198201192006042004'),
(192, '198201192006042004'),
(193, '198201192006042004'),
(194, '198201192006042004'),
(195, '198201192006042004'),
(196, '198201192006042004'),
(197, '198201192006042004'),
(198, '198201192006042004'),
(199, '198201192006042004'),
(200, '197403272002121002'),
(201, '197403272002121002'),
(202, '197403272002121002'),
(203, '197403272002121002'),
(204, '197403272002121002'),
(205, '197403272002121002'),
(206, '197403272002121002'),
(207, '197403272002121002'),
(208, '196309081994031001'),
(209, '196309081994031001'),
(210, '196309081994031001'),
(211, '198006112003122002'),
(212, '198006112003122002'),
(213, '198006112003122002'),
(214, '198006112003122002'),
(215, '198006112003122002'),
(216, '198006112003122002'),
(217, '198006112003122002'),
(218, '198006112003122002'),
(219, '198006112003122002'),
(220, '198006112003122002'),
(221, '198006112003122002'),
(222, '198006112003122002'),
(223, '198006112003122002'),
(224, '198012092008011004'),
(225, '198012092008011004'),
(226, '198012092008011004'),
(227, '198012092008011004'),
(228, '198012092008011004'),
(229, '198012092008011004'),
(230, '198012092008011004'),
(231, '198012092008011004'),
(232, '196604031995122001'),
(233, '196604031995122001'),
(234, '196604031995122001'),
(235, '196604031995122001'),
(236, '196604031995122001'),
(237, '196604031995122001'),
(238, '196604031995122001'),
(239, '196604031995122001'),
(241, '197603192005011003'),
(242, '197603192005011003'),
(243, '197603192005011003'),
(244, '197603192005011003'),
(245, '197603192005011003'),
(246, '197603192005011003'),
(247, '197603192005011003'),
(248, '197603192005011003'),
(249, '197603192005011003'),
(250, '196705271995121001'),
(251, '196705271995121001'),
(252, '196705271995121001'),
(253, '196705271995121001'),
(254, '196705271995121001'),
(255, '196705271995121001'),
(256, '196705271995121001'),
(257, '196705271995121001'),
(258, '196705271995121001'),
(259, '196705271995121001'),
(260, '196705271995121001'),
(261, '196705271995121001'),
(262, '196705271995121001'),
(263, '196705271995121001'),
(264, '196705271995121001'),
(265, '196705271995121001'),
(266, '196705271995121001'),
(267, '196705271995121001'),
(268, '196705271995121001'),
(269, '196705271995121001'),
(270, '196705271995121001'),
(271, '196705271995121001'),
(272, '198010042005011001'),
(273, '198010042005011001'),
(274, '198010042005011001'),
(275, '198010042005011001'),
(276, '198010042005011001'),
(277, '198010042005011001'),
(278, '198010042005011001'),
(279, '198010042005011001'),
(280, '198010042005011001'),
(281, '198010042005011001'),
(282, '198010042005011001'),
(283, '198010042005011001'),
(284, '198010042005011001'),
(285, '198010042005011001'),
(286, '198010042005011001'),
(287, '198010042005011001'),
(288, '196501121998031001'),
(289, '196501121998031001'),
(290, '196501121998031001'),
(291, '196501121998031001'),
(292, '196501121998031001'),
(293, '196501121998031001'),
(294, '196501121998031001'),
(295, '196501121998031001'),
(296, '196501121998031001'),
(297, '196501121998031001'),
(298, '196501121998031001'),
(299, '196509051995022001'),
(300, '196509051995022001'),
(301, '196509051995022001'),
(302, '196509051995022001'),
(303, '196509051995022001'),
(304, '196509051995022001'),
(305, '196509051995022001'),
(306, '196509051995022001'),
(307, '196509051995022001'),
(308, '196509051995022001'),
(309, '196509051995022001'),
(310, '196509051995022001'),
(311, '197710042006042002'),
(312, '197710042006042002'),
(313, '197710042006042002'),
(314, '197710042006042002'),
(315, '197710042006042002'),
(316, '197710042006042002'),
(317, '197710042006042002'),
(318, '197710042006042002'),
(319, '197710042006042002'),
(320, '197710042006042002'),
(321, '197910252002121001'),
(322, '197910252002121001'),
(323, '197910252002121001'),
(324, '197910252002121001'),
(325, '197910252002121001'),
(326, '197910252002121001'),
(327, '197910252002121001'),
(328, '197808212009121003'),
(329, '197808212009121003'),
(330, '197808212009121003'),
(331, '197808212009121003'),
(332, '197808212009121003'),
(333, '197808212009121003'),
(334, '198007092005011002'),
(335, '198007092005011002'),
(336, '198007092005011002'),
(337, '198007092005011002'),
(338, '198007092005011002'),
(339, '198007092005011002'),
(340, '198007092005011002'),
(341, '198007092005011002'),
(342, '198007092005011002'),
(343, '198007092005011002'),
(344, '197711202010121002'),
(345, '197711202010121002'),
(346, '196610161997021001'),
(347, '198409062010122007'),
(348, '197908042014041001'),
(349, '197908042014041001'),
(350, '197908042014041001'),
(351, '197908042014041001'),
(352, '197908042014041001'),
(353, '196804031998022001'),
(354, '196804031998022001'),
(355, '196804031998022001'),
(356, '196804031998022001'),
(357, '196804031998022001'),
(358, '196804031998022001'),
(359, '196804031998022001'),
(360, '196804031998022001'),
(361, '196804031998022001'),
(362, '196804031998022001'),
(363, '196804031998022001'),
(364, '197507292006041001'),
(365, '197507292006041001'),
(366, '197507292006041001'),
(367, '197507292006041001'),
(368, '197507292006041001'),
(369, '197507292006041001'),
(370, '195905131985021001'),
(371, '195905131985021001'),
(372, '195905131985021001'),
(373, '196705101997021001'),
(374, '196705101997021001'),
(375, '196705101997021001'),
(376, '196705101997021001'),
(377, '196705101997021001'),
(378, '196705101997021001'),
(379, '196705101997021001'),
(380, '196705101997021001'),
(381, '196705101997021001'),
(382, '197605192000032001'),
(383, '197605192000032001'),
(384, '197605192000032001'),
(385, '197605192000032001'),
(386, '197611212003122001'),
(387, '197611212003122001'),
(388, '197611212003122001'),
(389, '197611212003122001'),
(390, '197611212003122001'),
(391, '197611212003122001'),
(392, '198201192006042004'),
(393, '198201192006042004'),
(394, '198201192006042004'),
(395, '196610161997021001'),
(396, '196610161997021001'),
(398, '196610161997021001'),
(399, '195411241989031001'),
(401, '195411241989031001'),
(402, '195411241989031001'),
(403, '195411241989031001'),
(404, '196309081994031001'),
(405, '196309081994031001'),
(406, '195705071990011001'),
(407, '195705071990011001'),
(408, '195705071990011001'),
(409, '195705071990011001'),
(410, '198006112003122002'),
(411, '198006112003122002'),
(412, '198006112003122002'),
(413, '198006112003122002'),
(414, '198006112003122002'),
(415, '198006112003122002'),
(416, '196406131997021001'),
(417, '196406131997021001'),
(418, '196406131997021001'),
(419, '196406131997021001'),
(420, '196406131997021001'),
(421, '196406131997021001'),
(422, '196406131997021001'),
(423, '196406131997021001'),
(424, '196406131997021001'),
(425, '196406131997021001'),
(426, '196406131997021001'),
(427, '196406131997021001'),
(428, '196604031995122001'),
(429, '196604031995122001'),
(430, '196604031995122001'),
(431, '196604031995122001'),
(432, '196604031995122001'),
(433, '196604031995122001'),
(434, '196604031995122001'),
(435, '196604031995122001'),
(436, '197603192005011003'),
(437, '197603192005011003'),
(438, '197603192005011003'),
(439, '197603192005011003'),
(440, '197603192005011003'),
(441, '197603192005011003'),
(442, '197603192005011003'),
(443, '197603192005011003'),
(444, '197603192005011003'),
(445, '198803142012121001'),
(446, '198803142012121001'),
(447, '198803142012121001'),
(448, '198803142012121001'),
(449, '198803142012121001'),
(450, '196603311991032003'),
(451, '196603311991032003'),
(452, '196603311991032003'),
(453, '196603311991032003'),
(454, '196603311991032003'),
(455, '196603311991032003'),
(456, '198002282012121002'),
(457, '198002282012121002'),
(458, '198002282012121002'),
(459, '198002282012121002'),
(460, '196509051995022001'),
(461, '196509051995022001'),
(462, '196509051995022001'),
(463, '196509051995022001'),
(464, '196509051995022001'),
(465, '196509051995022001'),
(466, '197910252002121001'),
(467, '197910252002121001'),
(468, '197910252002121001'),
(469, '197910252002121001'),
(470, '197910252002121001'),
(471, '197910252002121001'),
(472, '197910252002121001'),
(473, '197910252002121001'),
(474, '197910252002121001'),
(475, '197910252002121001'),
(476, '197808212009121003'),
(477, '197711202010121002'),
(481, '197711202010121002'),
(482, '197711202010121002'),
(483, '197711202010121002'),
(484, '197711202010121002'),
(485, '197711202010121002'),
(486, '197711202010121002'),
(487, '197711202010121002'),
(488, '197711202010121002'),
(489, '197711202010121002'),
(490, '197711202010121002'),
(491, '197711202010121002'),
(492, '197711202010121002'),
(493, '197711202010121002'),
(494, '197808212009121003'),
(495, '197808212009121003'),
(496, '197808212009121003'),
(497, '197808212009121003'),
(498, '197808212009121003'),
(499, '197808212009121003'),
(500, '197808212009121003'),
(501, '197501282002121002'),
(502, '197501282002121002'),
(503, '197501282002121002'),
(504, '197711202010121002'),
(505, '196610161997021001'),
(506, '196610161997021001'),
(507, '198007092005011002'),
(508, '198007092005011002'),
(509, '198010042005011001'),
(510, '198409062010122007'),
(510, '197711202010121002'),
(510, '197304172000031001'),
(510, '197709292005011005'),
(510, '197507292006041001'),
(511, '197403272002121002'),
(512, '197403272002121002'),
(513, '196506031990031003'),
(514, '196506031990031003'),
(515, '197602042005011004'),
(516, '197602042005011004'),
(517, '197602042005011004'),
(518, '197602042005011004'),
(519, '197602042005011004'),
(520, '197602042005011004'),
(521, '197602042005011004'),
(522, '197602042005011004'),
(523, '196001011989101001'),
(524, '197403272002121002'),
(525, '196603311991032003'),
(526, '195905131985021001'),
(527, '196001011989101001'),
(528, '196610161997021001'),
(529, '196804031998022001'),
(530, '198007092005011002'),
(531, '196604031995122001'),
(533, '197611212003122001'),
(534, '196406131997021001'),
(535, '197910252002121001'),
(536, '198409062010122007'),
(537, '197709292005011005'),
(538, '198201192006042004'),
(539, '197710042006042002'),
(541, '198201192006042004'),
(542, '198002282012121002'),
(543, '198002282012121002'),
(544, '198002282012121002'),
(545, '198002282012121002'),
(548, '198002282012121002'),
(549, '196406131997021001'),
(550, '196406131997021001'),
(551, '196406131997021001'),
(552, '196406131997021001'),
(553, '196406131997021001'),
(554, '196406131997021001'),
(555, '196406131997021001'),
(556, '196406131997021001'),
(557, '196406131997021001'),
(558, '196406131997021001'),
(559, '196406131997021001'),
(560, '196406131997021001'),
(561, '196406131997021001'),
(562, '196406131997021001'),
(563, '198201192006042004'),
(564, '198201192006042004'),
(565, '198201192006042004'),
(566, '198201192006042004'),
(567, '198201192006042004'),
(568, '198201192006042004'),
(569, '198201192006042004'),
(570, '197403272002121002'),
(571, '195905131985021001'),
(575, '197509152000031002'),
(576, '197509152000031002'),
(577, '197509152000031002');

-- --------------------------------------------------------

--
-- Table structure for table `ft_judul`
--

CREATE TABLE `ft_judul` (
  `judulId` int(11) NOT NULL,
  `judulTa` varchar(255) NOT NULL,
  `judulKeyword` text NOT NULL,
  `judulDsnPengusul` varchar(100) NOT NULL,
  `judulLabstudioId` smallint(6) DEFAULT NULL,
  `judulKodeProdi` smallint(6) NOT NULL,
  `judulTglUsul` date NOT NULL,
  `judulStatus` enum('Available','On proposed','Not Available') NOT NULL DEFAULT 'Available',
  `tglUpdate` timestamp NOT NULL DEFAULT CURRENT_TIMESTAMP,
  `userUpdate` varchar(50) NOT NULL
) ENGINE=InnoDB DEFAULT CHARSET=latin1;

-- --------------------------------------------------------

--
-- Table structure for table `ft_judul_apply`
--

CREATE TABLE `ft_judul_apply` (
  `applyId` int(11) NOT NULL,
  `applyJudulId` int(11) NOT NULL,
  `applyNim` varchar(50) NOT NULL,
  `applyFileProposal` varchar(255) NOT NULL,
  `applyTgl` datetime NOT NULL,
  `applyStatus` enum('Request','Diterima','DItolak') NOT NULL DEFAULT 'Request',
  `tglUpdate` timestamp NOT NULL DEFAULT CURRENT_TIMESTAMP,
  `userUpdate` varchar(50) NOT NULL
) ENGINE=InnoDB DEFAULT CHARSET=latin1;

-- --------------------------------------------------------

--
-- Table structure for table `ref_docgroup`
--

CREATE TABLE `ref_docgroup` (
  `docgroupId` int(4) NOT NULL,
  `docgroupJenisDoc` varchar(255) NOT NULL,
  `tglUpdate` timestamp NOT NULL DEFAULT CURRENT_TIMESTAMP,
  `userUpdate` varchar(50) NOT NULL
) ENGINE=InnoDB DEFAULT CHARSET=latin1;

--
-- Dumping data for table `ref_docgroup`
--

INSERT INTO `ref_docgroup` (`docgroupId`, `docgroupJenisDoc`, `tglUpdate`, `userUpdate`) VALUES
(1, 'Pendidikan & Pengajaran', '2018-08-19 11:25:13', ''),
(2, 'Penelitian', '2018-08-19 11:25:13', ''),
(3, 'Pengabdian Masyarakat', '2018-08-19 11:25:13', ''),
(4, 'Penunjang', '2018-08-19 11:25:13', ''),
(5, 'Ijazah', '2018-08-19 11:25:13', ''),
(6, 'SK Pangkat / Fungsional', '2018-08-19 11:25:13', '');

-- --------------------------------------------------------

--
-- Table structure for table `ref_labstudio`
--

CREATE TABLE `ref_labstudio` (
  `labstudioId` int(11) NOT NULL,
  `labstudioNama` varchar(100) NOT NULL,
  `labstudioJurKode` smallint(6) NOT NULL,
  `tglUpdate` timestamp NOT NULL DEFAULT '0000-00-00 00:00:00' ON UPDATE CURRENT_TIMESTAMP,
  `userUpdate` varchar(50) NOT NULL
) ENGINE=InnoDB DEFAULT CHARSET=latin1;

--
-- Dumping data for table `ref_labstudio`
--

INSERT INTO `ref_labstudio` (`labstudioId`, `labstudioNama`, `labstudioJurKode`, `tglUpdate`, `userUpdate`) VALUES
(1, 'Laboratorium Tenaga Listrik', 43, '0000-00-00 00:00:00', ''),
(2, 'Laboratorium Sistem Komputer', 43, '0000-00-00 00:00:00', ''),
(3, 'Laboratorium Elektronika', 43, '0000-00-00 00:00:00', ''),
(4, 'Laboratorium Teknik Kendali', 43, '0000-00-00 00:00:00', ''),
(5, 'Laboratorium Teknologi Informasi dan Komunikasi', 43, '0000-00-00 00:00:00', ''),
(6, 'Laboratorium Rekayasa Perangkat Lunak', 43, '0000-00-00 00:00:00', ''),
(7, 'Laboratorium Multimedia Dan Grafika Komputer', 43, '0000-00-00 00:00:00', ''),
(8, 'Laboratorium Basis Data', 43, '0000-00-00 00:00:00', '');

--
-- Indexes for dumped tables
--

--
-- Indexes for table `ft_dokumen`
--
ALTER TABLE `ft_dokumen`
  ADD PRIMARY KEY (`dokumenId`),
  ADD UNIQUE KEY `idDokumen` (`dokumenId`,`dokumenDocgroupId`),
  ADD KEY `idDocGroup` (`dokumenDocgroupId`);

--
-- Indexes for table `ft_dokumen_user`
--
ALTER TABLE `ft_dokumen_user`
  ADD KEY `trxdokumenuser_fk1` (`dokumenId`);

--
-- Indexes for table `ft_judul`
--
ALTER TABLE `ft_judul`
  ADD PRIMARY KEY (`judulId`);

--
-- Indexes for table `ft_judul_apply`
--
ALTER TABLE `ft_judul_apply`
  ADD PRIMARY KEY (`applyId`);

--
-- Indexes for table `ref_docgroup`
--
ALTER TABLE `ref_docgroup`
  ADD PRIMARY KEY (`docgroupId`);

--
-- Indexes for table `ref_labstudio`
--
ALTER TABLE `ref_labstudio`
  ADD PRIMARY KEY (`labstudioId`);

--
-- AUTO_INCREMENT for dumped tables
--

--
-- AUTO_INCREMENT for table `ft_dokumen`
--
ALTER TABLE `ft_dokumen`
  MODIFY `dokumenId` int(11) NOT NULL AUTO_INCREMENT, AUTO_INCREMENT=578;

--
-- AUTO_INCREMENT for table `ft_judul`
--
ALTER TABLE `ft_judul`
  MODIFY `judulId` int(11) NOT NULL AUTO_INCREMENT;

--
-- AUTO_INCREMENT for table `ft_judul_apply`
--
ALTER TABLE `ft_judul_apply`
  MODIFY `applyId` int(11) NOT NULL AUTO_INCREMENT;

--
-- AUTO_INCREMENT for table `ref_docgroup`
--
ALTER TABLE `ref_docgroup`
  MODIFY `docgroupId` int(4) NOT NULL AUTO_INCREMENT, AUTO_INCREMENT=7;

--
-- AUTO_INCREMENT for table `ref_labstudio`
--
ALTER TABLE `ref_labstudio`
  MODIFY `labstudioId` int(11) NOT NULL AUTO_INCREMENT, AUTO_INCREMENT=9;
COMMIT;

/*!40101 SET CHARACTER_SET_CLIENT=@OLD_CHARACTER_SET_CLIENT */;
/*!40101 SET CHARACTER_SET_RESULTS=@OLD_CHARACTER_SET_RESULTS */;
/*!40101 SET COLLATION_CONNECTION=@OLD_COLLATION_CONNECTION */;
